School,Current URN,School establishment number,Measure,Measurement date,Academic year,Year group,Value,Unit,Source URL
Kew Riverside Primary School,133343,3182039,Pupils excluding nursery,2022-05,2021/22,,142,pupils,https://explore-education-statistics.service.gov.uk/data-catalogue/data-set/d99443e1-1258-4894-b705-5bfb51751a37
Kew Riverside Primary School,133343,3182039,Reported capacity excluding nursery,2022-05,2021/22,,210,places,https://explore-education-statistics.service.gov.uk/data-catalogue/data-set/d99443e1-1258-4894-b705-5bfb51751a37
Kew Riverside Primary School,133343,3182039,Pupils excluding nursery,2023-05,2022/23,,107,pupils,https://explore-education-statistics.service.gov.uk/data-catalogue/data-set/d99443e1-1258-4894-b705-5bfb51751a37
Kew Riverside Primary School,133343,3182039,Reported capacity excluding nursery,2023-05,2022/23,,210,places,https://explore-education-statistics.service.gov.uk/data-catalogue/data-set/d99443e1-1258-4894-b705-5bfb51751a37
Kew Riverside Primary School,133343,3182039,Pupils excluding nursery,2024-05,2023/24,,102,pupils,https://explore-education-statistics.service.gov.uk/data-catalogue/data-set/d99443e1-1258-4894-b705-5bfb51751a37
Kew Riverside Primary School,133343,3182039,Reported capacity excluding nursery,2024-05,2023/24,,210,places,https://explore-education-statistics.service.gov.uk/data-catalogue/data-set/d99443e1-1258-4894-b705-5bfb51751a37
Kew Riverside Primary School,133343,3182039,Pupils excluding nursery,2025-05,2024/25,,90,pupils,https://explore-education-statistics.service.gov.uk/data-catalogue/data-set/d99443e1-1258-4894-b705-5bfb51751a37
Kew Riverside Primary School,133343,3182039,Reported capacity excluding nursery,2025-05,2024/25,,210,places,https://explore-education-statistics.service.gov.uk/data-catalogue/data-set/d99443e1-1258-4894-b705-5bfb51751a37
Kew Riverside Primary School,133343,3182039,Pupils by curriculum year,2026-01,2025/26,Reception,14,pupils,https://explore-education-statistics.service.gov.uk/find-statistics/school-pupils-and-their-characteristics/2025-26/explore
Kew Riverside Primary School,133343,3182039,Pupils by curriculum year,2026-01,2025/26,Year 1,8,pupils,https://explore-education-statistics.service.gov.uk/find-statistics/school-pupils-and-their-characteristics/2025-26/explore
Kew Riverside Primary School,133343,3182039,Pupils by curriculum year,2026-01,2025/26,Year 2,10,pupils,https://explore-education-statistics.service.gov.uk/find-statistics/school-pupils-and-their-characteristics/2025-26/explore
Kew Riverside Primary School,133343,3182039,Pupils by curriculum year,2026-01,2025/26,Year 3,11,pupils,https://explore-education-statistics.service.gov.uk/find-statistics/school-pupils-and-their-characteristics/2025-26/explore
Kew Riverside Primary School,133343,3182039,Pupils by curriculum year,2026-01,2025/26,Year 4,18,pupils,https://explore-education-statistics.service.gov.uk/find-statistics/school-pupils-and-their-characteristics/2025-26/explore
Kew Riverside Primary School,133343,3182039,Pupils by curriculum year,2026-01,2025/26,Year 5,14,pupils,https://explore-education-statistics.service.gov.uk/find-statistics/school-pupils-and-their-characteristics/2025-26/explore
Kew Riverside Primary School,133343,3182039,Pupils by curriculum year,2026-01,2025/26,Year 6,9,pupils,https://explore-education-statistics.service.gov.uk/find-statistics/school-pupils-and-their-characteristics/2025-26/explore
Darell Primary and Nursery School,102884,3182004,Pupils excluding nursery,2022-05,2021/22,,177,pupils,https://explore-education-statistics.service.gov.uk/data-catalogue/data-set/d99443e1-1258-4894-b705-5bfb51751a37
Darell Primary and Nursery School,102884,3182004,Reported capacity excluding nursery,2022-05,2021/22,,420,places,https://explore-education-statistics.service.gov.uk/data-catalogue/data-set/d99443e1-1258-4894-b705-5bfb51751a37
Darell Primary and Nursery School,102884,3182004,Pupils excluding nursery,2023-05,2022/23,,193,pupils,https://explore-education-statistics.service.gov.uk/data-catalogue/data-set/d99443e1-1258-4894-b705-5bfb51751a37
Darell Primary and Nursery School,102884,3182004,Reported capacity excluding nursery,2023-05,2022/23,,420,places,https://explore-education-statistics.service.gov.uk/data-catalogue/data-set/d99443e1-1258-4894-b705-5bfb51751a37
Darell Primary and Nursery School,102884,3182004,Pupils excluding nursery,2024-05,2023/24,,194,pupils,https://explore-education-statistics.service.gov.uk/data-catalogue/data-set/d99443e1-1258-4894-b705-5bfb51751a37
Darell Primary and Nursery School,102884,3182004,Reported capacity excluding nursery,2024-05,2023/24,,420,places,https://explore-education-statistics.service.gov.uk/data-catalogue/data-set/d99443e1-1258-4894-b705-5bfb51751a37
Darell Primary and Nursery School,102884,3182004,Pupils excluding nursery,2025-05,2024/25,,177,pupils,https://explore-education-statistics.service.gov.uk/data-catalogue/data-set/d99443e1-1258-4894-b705-5bfb51751a37
Darell Primary and Nursery School,102884,3182004,Reported capacity excluding nursery,2025-05,2024/25,,420,places,https://explore-education-statistics.service.gov.uk/data-catalogue/data-set/d99443e1-1258-4894-b705-5bfb51751a37
Darell Primary and Nursery School,102884,3182004,Pupils by curriculum year,2026-01,2025/26,Reception,23,pupils,https://explore-education-statistics.service.gov.uk/find-statistics/school-pupils-and-their-characteristics/2025-26/explore
Darell Primary and Nursery School,102884,3182004,Pupils by curriculum year,2026-01,2025/26,Year 1,24,pupils,https://explore-education-statistics.service.gov.uk/find-statistics/school-pupils-and-their-characteristics/2025-26/explore
Darell Primary and Nursery School,102884,3182004,Pupils by curriculum year,2026-01,2025/26,Year 2,28,pupils,https://explore-education-statistics.service.gov.uk/find-statistics/school-pupils-and-their-characteristics/2025-26/explore
Darell Primary and Nursery School,102884,3182004,Pupils by curriculum year,2026-01,2025/26,Year 3,29,pupils,https://explore-education-statistics.service.gov.uk/find-statistics/school-pupils-and-their-characteristics/2025-26/explore
Darell Primary and Nursery School,102884,3182004,Pupils by curriculum year,2026-01,2025/26,Year 4,24,pupils,https://explore-education-statistics.service.gov.uk/find-statistics/school-pupils-and-their-characteristics/2025-26/explore
Darell Primary and Nursery School,102884,3182004,Pupils by curriculum year,2026-01,2025/26,Year 5,24,pupils,https://explore-education-statistics.service.gov.uk/find-statistics/school-pupils-and-their-characteristics/2025-26/explore
Darell Primary and Nursery School,102884,3182004,Pupils by curriculum year,2026-01,2025/26,Year 6,21,pupils,https://explore-education-statistics.service.gov.uk/find-statistics/school-pupils-and-their-characteristics/2025-26/explore
The King's Church of England Primary School,102921,3183327,Pupils excluding nursery,2022-05,2021/22,,366,pupils,https://explore-education-statistics.service.gov.uk/data-catalogue/data-set/d99443e1-1258-4894-b705-5bfb51751a37
The King's Church of England Primary School,102921,3183327,Reported capacity excluding nursery,2022-05,2021/22,,420,places,https://explore-education-statistics.service.gov.uk/data-catalogue/data-set/d99443e1-1258-4894-b705-5bfb51751a37
The King's Church of England Primary School,102921,3183327,Pupils excluding nursery,2023-05,2022/23,,394,pupils,https://explore-education-statistics.service.gov.uk/data-catalogue/data-set/d99443e1-1258-4894-b705-5bfb51751a37
The King's Church of England Primary School,102921,3183327,Reported capacity excluding nursery,2023-05,2022/23,,420,places,https://explore-education-statistics.service.gov.uk/data-catalogue/data-set/d99443e1-1258-4894-b705-5bfb51751a37
The King's Church of England Primary School,102921,3183327,Pupils excluding nursery,2024-05,2023/24,,398,pupils,https://explore-education-statistics.service.gov.uk/data-catalogue/data-set/d99443e1-1258-4894-b705-5bfb51751a37
The King's Church of England Primary School,102921,3183327,Reported capacity excluding nursery,2024-05,2023/24,,420,places,https://explore-education-statistics.service.gov.uk/data-catalogue/data-set/d99443e1-1258-4894-b705-5bfb51751a37
The King's Church of England Primary School,102921,3183327,Pupils excluding nursery,2025-05,2024/25,,392,pupils,https://explore-education-statistics.service.gov.uk/data-catalogue/data-set/d99443e1-1258-4894-b705-5bfb51751a37
The King's Church of England Primary School,102921,3183327,Reported capacity excluding nursery,2025-05,2024/25,,420,places,https://explore-education-statistics.service.gov.uk/data-catalogue/data-set/d99443e1-1258-4894-b705-5bfb51751a37
The King's Church of England Primary School,102921,3183327,Pupils by curriculum year,2026-01,2025/26,Reception,60,pupils,https://explore-education-statistics.service.gov.uk/find-statistics/school-pupils-and-their-characteristics/2025-26/explore
The King's Church of England Primary School,102921,3183327,Pupils by curriculum year,2026-01,2025/26,Year 1,58,pupils,https://explore-education-statistics.service.gov.uk/find-statistics/school-pupils-and-their-characteristics/2025-26/explore
The King's Church of England Primary School,102921,3183327,Pupils by curriculum year,2026-01,2025/26,Year 2,59,pupils,https://explore-education-statistics.service.gov.uk/find-statistics/school-pupils-and-their-characteristics/2025-26/explore
The King's Church of England Primary School,102921,3183327,Pupils by curriculum year,2026-01,2025/26,Year 3,58,pupils,https://explore-education-statistics.service.gov.uk/find-statistics/school-pupils-and-their-characteristics/2025-26/explore
The King's Church of England Primary School,102921,3183327,Pupils by curriculum year,2026-01,2025/26,Year 4,59,pupils,https://explore-education-statistics.service.gov.uk/find-statistics/school-pupils-and-their-characteristics/2025-26/explore
The King's Church of England Primary School,102921,3183327,Pupils by curriculum year,2026-01,2025/26,Year 5,55,pupils,https://explore-education-statistics.service.gov.uk/find-statistics/school-pupils-and-their-characteristics/2025-26/explore
The King's Church of England Primary School,102921,3183327,Pupils by curriculum year,2026-01,2025/26,Year 6,48,pupils,https://explore-education-statistics.service.gov.uk/find-statistics/school-pupils-and-their-characteristics/2025-26/explore
Archdeacon Cambridge's Church of England Primary School,102920,3183326,Pupils excluding nursery,2022-05,2021/22,,408,pupils,https://explore-education-statistics.service.gov.uk/data-catalogue/data-set/d99443e1-1258-4894-b705-5bfb51751a37
Archdeacon Cambridge's Church of England Primary School,102920,3183326,Reported capacity excluding nursery,2022-05,2021/22,,450,places,https://explore-education-statistics.service.gov.uk/data-catalogue/data-set/d99443e1-1258-4894-b705-5bfb51751a37
Archdeacon Cambridge's Church of England Primary School,102920,3183326,Pupils excluding nursery,2023-05,2022/23,,413,pupils,https://explore-education-statistics.service.gov.uk/data-catalogue/data-set/d99443e1-1258-4894-b705-5bfb51751a37
Archdeacon Cambridge's Church of England Primary School,102920,3183326,Reported capacity excluding nursery,2023-05,2022/23,,450,places,https://explore-education-statistics.service.gov.uk/data-catalogue/data-set/d99443e1-1258-4894-b705-5bfb51751a37
Archdeacon Cambridge's Church of England Primary School,102920,3183326,Pupils excluding nursery,2024-05,2023/24,,400,pupils,https://explore-education-statistics.service.gov.uk/data-catalogue/data-set/d99443e1-1258-4894-b705-5bfb51751a37
Archdeacon Cambridge's Church of England Primary School,102920,3183326,Reported capacity excluding nursery,2024-05,2023/24,,450,places,https://explore-education-statistics.service.gov.uk/data-catalogue/data-set/d99443e1-1258-4894-b705-5bfb51751a37
Archdeacon Cambridge's Church of England Primary School,102920,3183326,Pupils excluding nursery,2025-05,2024/25,,405,pupils,https://explore-education-statistics.service.gov.uk/data-catalogue/data-set/d99443e1-1258-4894-b705-5bfb51751a37
Archdeacon Cambridge's Church of England Primary School,102920,3183326,Reported capacity excluding nursery,2025-05,2024/25,,450,places,https://explore-education-statistics.service.gov.uk/data-catalogue/data-set/d99443e1-1258-4894-b705-5bfb51751a37
Archdeacon Cambridge's Church of England Primary School,102920,3183326,Pupils by curriculum year,2026-01,2025/26,Reception,59,pupils,https://explore-education-statistics.service.gov.uk/find-statistics/school-pupils-and-their-characteristics/2025-26/explore
Archdeacon Cambridge's Church of England Primary School,102920,3183326,Pupils by curriculum year,2026-01,2025/26,Year 1,58,pupils,https://explore-education-statistics.service.gov.uk/find-statistics/school-pupils-and-their-characteristics/2025-26/explore
Archdeacon Cambridge's Church of England Primary School,102920,3183326,Pupils by curriculum year,2026-01,2025/26,Year 2,50,pupils,https://explore-education-statistics.service.gov.uk/find-statistics/school-pupils-and-their-characteristics/2025-26/explore
Archdeacon Cambridge's Church of England Primary School,102920,3183326,Pupils by curriculum year,2026-01,2025/26,Year 3,56,pupils,https://explore-education-statistics.service.gov.uk/find-statistics/school-pupils-and-their-characteristics/2025-26/explore
Archdeacon Cambridge's Church of England Primary School,102920,3183326,Pupils by curriculum year,2026-01,2025/26,Year 4,59,pupils,https://explore-education-statistics.service.gov.uk/find-statistics/school-pupils-and-their-characteristics/2025-26/explore
Archdeacon Cambridge's Church of England Primary School,102920,3183326,Pupils by curriculum year,2026-01,2025/26,Year 5,60,pupils,https://explore-education-statistics.service.gov.uk/find-statistics/school-pupils-and-their-characteristics/2025-26/explore
Archdeacon Cambridge's Church of England Primary School,102920,3183326,Pupils by curriculum year,2026-01,2025/26,Year 6,61,pupils,https://explore-education-statistics.service.gov.uk/find-statistics/school-pupils-and-their-characteristics/2025-26/explore
Barnes Primary School,102902,3182028,Pupils excluding nursery,2022-05,2021/22,,414,pupils,https://explore-education-statistics.service.gov.uk/data-catalogue/data-set/d99443e1-1258-4894-b705-5bfb51751a37
Barnes Primary School,102902,3182028,Reported capacity excluding nursery,2022-05,2021/22,,450,places,https://explore-education-statistics.service.gov.uk/data-catalogue/data-set/d99443e1-1258-4894-b705-5bfb51751a37
Barnes Primary School,102902,3182028,Pupils excluding nursery,2023-05,2022/23,,419,pupils,https://explore-education-statistics.service.gov.uk/data-catalogue/data-set/d99443e1-1258-4894-b705-5bfb51751a37
Barnes Primary School,102902,3182028,Reported capacity excluding nursery,2023-05,2022/23,,450,places,https://explore-education-statistics.service.gov.uk/data-catalogue/data-set/d99443e1-1258-4894-b705-5bfb51751a37
Barnes Primary School,102902,3182028,Pupils excluding nursery,2024-05,2023/24,,409,pupils,https://explore-education-statistics.service.gov.uk/data-catalogue/data-set/d99443e1-1258-4894-b705-5bfb51751a37
Barnes Primary School,102902,3182028,Reported capacity excluding nursery,2024-05,2023/24,,450,places,https://explore-education-statistics.service.gov.uk/data-catalogue/data-set/d99443e1-1258-4894-b705-5bfb51751a37
Barnes Primary School,102902,3182028,Pupils excluding nursery,2025-05,2024/25,,410,pupils,https://explore-education-statistics.service.gov.uk/data-catalogue/data-set/d99443e1-1258-4894-b705-5bfb51751a37
Barnes Primary School,102902,3182028,Reported capacity excluding nursery,2025-05,2024/25,,450,places,https://explore-education-statistics.service.gov.uk/data-catalogue/data-set/d99443e1-1258-4894-b705-5bfb51751a37
Barnes Primary School,102902,3182028,Pupils by curriculum year,2026-01,2025/26,Reception,60,pupils,https://explore-education-statistics.service.gov.uk/find-statistics/school-pupils-and-their-characteristics/2025-26/explore
Barnes Primary School,102902,3182028,Pupils by curriculum year,2026-01,2025/26,Year 1,60,pupils,https://explore-education-statistics.service.gov.uk/find-statistics/school-pupils-and-their-characteristics/2025-26/explore
Barnes Primary School,102902,3182028,Pupils by curriculum year,2026-01,2025/26,Year 2,59,pupils,https://explore-education-statistics.service.gov.uk/find-statistics/school-pupils-and-their-characteristics/2025-26/explore
Barnes Primary School,102902,3182028,Pupils by curriculum year,2026-01,2025/26,Year 3,60,pupils,https://explore-education-statistics.service.gov.uk/find-statistics/school-pupils-and-their-characteristics/2025-26/explore
Barnes Primary School,102902,3182028,Pupils by curriculum year,2026-01,2025/26,Year 4,57,pupils,https://explore-education-statistics.service.gov.uk/find-statistics/school-pupils-and-their-characteristics/2025-26/explore
Barnes Primary School,102902,3182028,Pupils by curriculum year,2026-01,2025/26,Year 5,54,pupils,https://explore-education-statistics.service.gov.uk/find-statistics/school-pupils-and-their-characteristics/2025-26/explore
Barnes Primary School,102902,3182028,Pupils by curriculum year,2026-01,2025/26,Year 6,60,pupils,https://explore-education-statistics.service.gov.uk/find-statistics/school-pupils-and-their-characteristics/2025-26/explore
Bishop Perrin Church of England Primary School,102918,3183322,Pupils excluding nursery,2022-05,2021/22,,206,pupils,https://explore-education-statistics.service.gov.uk/data-catalogue/data-set/d99443e1-1258-4894-b705-5bfb51751a37
Bishop Perrin Church of England Primary School,102918,3183322,Reported capacity excluding nursery,2022-05,2021/22,,210,places,https://explore-education-statistics.service.gov.uk/data-catalogue/data-set/d99443e1-1258-4894-b705-5bfb51751a37
Bishop Perrin Church of England Primary School,102918,3183322,Pupils excluding nursery,2023-05,2022/23,,205,pupils,https://explore-education-statistics.service.gov.uk/data-catalogue/data-set/d99443e1-1258-4894-b705-5bfb51751a37
Bishop Perrin Church of England Primary School,102918,3183322,Reported capacity excluding nursery,2023-05,2022/23,,210,places,https://explore-education-statistics.service.gov.uk/data-catalogue/data-set/d99443e1-1258-4894-b705-5bfb51751a37
Bishop Perrin Church of England Primary School,102918,3183322,Pupils excluding nursery,2024-05,2023/24,,209,pupils,https://explore-education-statistics.service.gov.uk/data-catalogue/data-set/d99443e1-1258-4894-b705-5bfb51751a37
Bishop Perrin Church of England Primary School,102918,3183322,Reported capacity excluding nursery,2024-05,2023/24,,210,places,https://explore-education-statistics.service.gov.uk/data-catalogue/data-set/d99443e1-1258-4894-b705-5bfb51751a37
Bishop Perrin Church of England Primary School,102918,3183322,Pupils excluding nursery,2025-05,2024/25,,210,pupils,https://explore-education-statistics.service.gov.uk/data-catalogue/data-set/d99443e1-1258-4894-b705-5bfb51751a37
Bishop Perrin Church of England Primary School,102918,3183322,Reported capacity excluding nursery,2025-05,2024/25,,210,places,https://explore-education-statistics.service.gov.uk/data-catalogue/data-set/d99443e1-1258-4894-b705-5bfb51751a37
Bishop Perrin Church of England Primary School,102918,3183322,Pupils by curriculum year,2026-01,2025/26,Reception,26,pupils,https://explore-education-statistics.service.gov.uk/find-statistics/school-pupils-and-their-characteristics/2025-26/explore
Bishop Perrin Church of England Primary School,102918,3183322,Pupils by curriculum year,2026-01,2025/26,Year 1,29,pupils,https://explore-education-statistics.service.gov.uk/find-statistics/school-pupils-and-their-characteristics/2025-26/explore
Bishop Perrin Church of England Primary School,102918,3183322,Pupils by curriculum year,2026-01,2025/26,Year 2,30,pupils,https://explore-education-statistics.service.gov.uk/find-statistics/school-pupils-and-their-characteristics/2025-26/explore
Bishop Perrin Church of England Primary School,102918,3183322,Pupils by curriculum year,2026-01,2025/26,Year 3,29,pupils,https://explore-education-statistics.service.gov.uk/find-statistics/school-pupils-and-their-characteristics/2025-26/explore
Bishop Perrin Church of England Primary School,102918,3183322,Pupils by curriculum year,2026-01,2025/26,Year 4,30,pupils,https://explore-education-statistics.service.gov.uk/find-statistics/school-pupils-and-their-characteristics/2025-26/explore
Bishop Perrin Church of England Primary School,102918,3183322,Pupils by curriculum year,2026-01,2025/26,Year 5,30,pupils,https://explore-education-statistics.service.gov.uk/find-statistics/school-pupils-and-their-characteristics/2025-26/explore
Bishop Perrin Church of England Primary School,102918,3183322,Pupils by curriculum year,2026-01,2025/26,Year 6,30,pupils,https://explore-education-statistics.service.gov.uk/find-statistics/school-pupils-and-their-characteristics/2025-26/explore
Buckingham Primary School,102904,3182035,Pupils excluding nursery,2022-05,2021/22,,519,pupils,https://explore-education-statistics.service.gov.uk/data-catalogue/data-set/d99443e1-1258-4894-b705-5bfb51751a37
Buckingham Primary School,102904,3182035,Reported capacity excluding nursery,2022-05,2021/22,,630,places,https://explore-education-statistics.service.gov.uk/data-catalogue/data-set/d99443e1-1258-4894-b705-5bfb51751a37
Buckingham Primary School,102904,3182035,Pupils excluding nursery,2023-05,2022/23,,501,pupils,https://explore-education-statistics.service.gov.uk/data-catalogue/data-set/d99443e1-1258-4894-b705-5bfb51751a37
Buckingham Primary School,102904,3182035,Reported capacity excluding nursery,2023-05,2022/23,,630,places,https://explore-education-statistics.service.gov.uk/data-catalogue/data-set/d99443e1-1258-4894-b705-5bfb51751a37
Buckingham Primary School,102904,3182035,Pupils excluding nursery,2024-05,2023/24,,456,pupils,https://explore-education-statistics.service.gov.uk/data-catalogue/data-set/d99443e1-1258-4894-b705-5bfb51751a37
Buckingham Primary School,102904,3182035,Reported capacity excluding nursery,2024-05,2023/24,,630,places,https://explore-education-statistics.service.gov.uk/data-catalogue/data-set/d99443e1-1258-4894-b705-5bfb51751a37
Buckingham Primary School,102904,3182035,Pupils excluding nursery,2025-05,2024/25,,398,pupils,https://explore-education-statistics.service.gov.uk/data-catalogue/data-set/d99443e1-1258-4894-b705-5bfb51751a37
Buckingham Primary School,102904,3182035,Reported capacity excluding nursery,2025-05,2024/25,,630,places,https://explore-education-statistics.service.gov.uk/data-catalogue/data-set/d99443e1-1258-4894-b705-5bfb51751a37
Buckingham Primary School,102904,3182035,Pupils by curriculum year,2026-01,2025/26,Reception,29,pupils,https://explore-education-statistics.service.gov.uk/find-statistics/school-pupils-and-their-characteristics/2025-26/explore
Buckingham Primary School,102904,3182035,Pupils by curriculum year,2026-01,2025/26,Year 1,39,pupils,https://explore-education-statistics.service.gov.uk/find-statistics/school-pupils-and-their-characteristics/2025-26/explore
Buckingham Primary School,102904,3182035,Pupils by curriculum year,2026-01,2025/26,Year 2,46,pupils,https://explore-education-statistics.service.gov.uk/find-statistics/school-pupils-and-their-characteristics/2025-26/explore
Buckingham Primary School,102904,3182035,Pupils by curriculum year,2026-01,2025/26,Year 3,53,pupils,https://explore-education-statistics.service.gov.uk/find-statistics/school-pupils-and-their-characteristics/2025-26/explore
Buckingham Primary School,102904,3182035,Pupils by curriculum year,2026-01,2025/26,Year 4,50,pupils,https://explore-education-statistics.service.gov.uk/find-statistics/school-pupils-and-their-characteristics/2025-26/explore
Buckingham Primary School,102904,3182035,Pupils by curriculum year,2026-01,2025/26,Year 5,71,pupils,https://explore-education-statistics.service.gov.uk/find-statistics/school-pupils-and-their-characteristics/2025-26/explore
Buckingham Primary School,102904,3182035,Pupils by curriculum year,2026-01,2025/26,Year 6,68,pupils,https://explore-education-statistics.service.gov.uk/find-statistics/school-pupils-and-their-characteristics/2025-26/explore
Carlisle Infant School,102883,3182001,Pupils excluding nursery,2022-05,2021/22,,244,pupils,https://explore-education-statistics.service.gov.uk/data-catalogue/data-set/d99443e1-1258-4894-b705-5bfb51751a37
Carlisle Infant School,102883,3182001,Reported capacity excluding nursery,2022-05,2021/22,,270,places,https://explore-education-statistics.service.gov.uk/data-catalogue/data-set/d99443e1-1258-4894-b705-5bfb51751a37
Carlisle Infant School,102883,3182001,Pupils excluding nursery,2023-05,2022/23,,245,pupils,https://explore-education-statistics.service.gov.uk/data-catalogue/data-set/d99443e1-1258-4894-b705-5bfb51751a37
Carlisle Infant School,102883,3182001,Reported capacity excluding nursery,2023-05,2022/23,,270,places,https://explore-education-statistics.service.gov.uk/data-catalogue/data-set/d99443e1-1258-4894-b705-5bfb51751a37
Carlisle Infant School,102883,3182001,Pupils excluding nursery,2024-05,2023/24,,242,pupils,https://explore-education-statistics.service.gov.uk/data-catalogue/data-set/d99443e1-1258-4894-b705-5bfb51751a37
Carlisle Infant School,102883,3182001,Reported capacity excluding nursery,2024-05,2023/24,,270,places,https://explore-education-statistics.service.gov.uk/data-catalogue/data-set/d99443e1-1258-4894-b705-5bfb51751a37
Carlisle Infant School,102883,3182001,Pupils excluding nursery,2025-05,2024/25,,230,pupils,https://explore-education-statistics.service.gov.uk/data-catalogue/data-set/d99443e1-1258-4894-b705-5bfb51751a37
Carlisle Infant School,102883,3182001,Reported capacity excluding nursery,2025-05,2024/25,,270,places,https://explore-education-statistics.service.gov.uk/data-catalogue/data-set/d99443e1-1258-4894-b705-5bfb51751a37
Carlisle Infant School,102883,3182001,Pupils by curriculum year,2026-01,2025/26,Reception,51,pupils,https://explore-education-statistics.service.gov.uk/find-statistics/school-pupils-and-their-characteristics/2025-26/explore
Carlisle Infant School,102883,3182001,Pupils by curriculum year,2026-01,2025/26,Year 1,85,pupils,https://explore-education-statistics.service.gov.uk/find-statistics/school-pupils-and-their-characteristics/2025-26/explore
Carlisle Infant School,102883,3182001,Pupils by curriculum year,2026-01,2025/26,Year 2,76,pupils,https://explore-education-statistics.service.gov.uk/find-statistics/school-pupils-and-their-characteristics/2025-26/explore
Carlisle Infant School,102883,3182001,Pupils by curriculum year,2026-01,2025/26,Year 3,0,pupils,https://explore-education-statistics.service.gov.uk/find-statistics/school-pupils-and-their-characteristics/2025-26/explore
Carlisle Infant School,102883,3182001,Pupils by curriculum year,2026-01,2025/26,Year 4,0,pupils,https://explore-education-statistics.service.gov.uk/find-statistics/school-pupils-and-their-characteristics/2025-26/explore
Carlisle Infant School,102883,3182001,Pupils by curriculum year,2026-01,2025/26,Year 5,0,pupils,https://explore-education-statistics.service.gov.uk/find-statistics/school-pupils-and-their-characteristics/2025-26/explore
Carlisle Infant School,102883,3182001,Pupils by curriculum year,2026-01,2025/26,Year 6,0,pupils,https://explore-education-statistics.service.gov.uk/find-statistics/school-pupils-and-their-characteristics/2025-26/explore
Chase Bridge Primary School,102905,3182036,Pupils excluding nursery,2022-05,2021/22,,604,pupils,https://explore-education-statistics.service.gov.uk/data-catalogue/data-set/d99443e1-1258-4894-b705-5bfb51751a37
Chase Bridge Primary School,102905,3182036,Reported capacity excluding nursery,2022-05,2021/22,,630,places,https://explore-education-statistics.service.gov.uk/data-catalogue/data-set/d99443e1-1258-4894-b705-5bfb51751a37
Chase Bridge Primary School,102905,3182036,Pupils excluding nursery,2023-05,2022/23,,619,pupils,https://explore-education-statistics.service.gov.uk/data-catalogue/data-set/d99443e1-1258-4894-b705-5bfb51751a37
Chase Bridge Primary School,102905,3182036,Reported capacity excluding nursery,2023-05,2022/23,,630,places,https://explore-education-statistics.service.gov.uk/data-catalogue/data-set/d99443e1-1258-4894-b705-5bfb51751a37
Chase Bridge Primary School,102905,3182036,Pupils excluding nursery,2024-05,2023/24,,618,pupils,https://explore-education-statistics.service.gov.uk/data-catalogue/data-set/d99443e1-1258-4894-b705-5bfb51751a37
Chase Bridge Primary School,102905,3182036,Reported capacity excluding nursery,2024-05,2023/24,,630,places,https://explore-education-statistics.service.gov.uk/data-catalogue/data-set/d99443e1-1258-4894-b705-5bfb51751a37
Chase Bridge Primary School,102905,3182036,Pupils excluding nursery,2025-05,2024/25,,620,pupils,https://explore-education-statistics.service.gov.uk/data-catalogue/data-set/d99443e1-1258-4894-b705-5bfb51751a37
Chase Bridge Primary School,102905,3182036,Reported capacity excluding nursery,2025-05,2024/25,,630,places,https://explore-education-statistics.service.gov.uk/data-catalogue/data-set/d99443e1-1258-4894-b705-5bfb51751a37
Chase Bridge Primary School,102905,3182036,Pupils by curriculum year,2026-01,2025/26,Reception,85,pupils,https://explore-education-statistics.service.gov.uk/find-statistics/school-pupils-and-their-characteristics/2025-26/explore
Chase Bridge Primary School,102905,3182036,Pupils by curriculum year,2026-01,2025/26,Year 1,89,pupils,https://explore-education-statistics.service.gov.uk/find-statistics/school-pupils-and-their-characteristics/2025-26/explore
Chase Bridge Primary School,102905,3182036,Pupils by curriculum year,2026-01,2025/26,Year 2,89,pupils,https://explore-education-statistics.service.gov.uk/find-statistics/school-pupils-and-their-characteristics/2025-26/explore
Chase Bridge Primary School,102905,3182036,Pupils by curriculum year,2026-01,2025/26,Year 3,86,pupils,https://explore-education-statistics.service.gov.uk/find-statistics/school-pupils-and-their-characteristics/2025-26/explore
Chase Bridge Primary School,102905,3182036,Pupils by curriculum year,2026-01,2025/26,Year 4,90,pupils,https://explore-education-statistics.service.gov.uk/find-statistics/school-pupils-and-their-characteristics/2025-26/explore
Chase Bridge Primary School,102905,3182036,Pupils by curriculum year,2026-01,2025/26,Year 5,88,pupils,https://explore-education-statistics.service.gov.uk/find-statistics/school-pupils-and-their-characteristics/2025-26/explore
Chase Bridge Primary School,102905,3182036,Pupils by curriculum year,2026-01,2025/26,Year 6,89,pupils,https://explore-education-statistics.service.gov.uk/find-statistics/school-pupils-and-their-characteristics/2025-26/explore
Collis Primary School,102903,3182032,Pupils excluding nursery,2022-05,2021/22,,683,pupils,https://explore-education-statistics.service.gov.uk/data-catalogue/data-set/d99443e1-1258-4894-b705-5bfb51751a37
Collis Primary School,102903,3182032,Reported capacity excluding nursery,2022-05,2021/22,,750,places,https://explore-education-statistics.service.gov.uk/data-catalogue/data-set/d99443e1-1258-4894-b705-5bfb51751a37
Collis Primary School,102903,3182032,Pupils excluding nursery,2023-05,2022/23,,652,pupils,https://explore-education-statistics.service.gov.uk/data-catalogue/data-set/d99443e1-1258-4894-b705-5bfb51751a37
Collis Primary School,102903,3182032,Reported capacity excluding nursery,2023-05,2022/23,,750,places,https://explore-education-statistics.service.gov.uk/data-catalogue/data-set/d99443e1-1258-4894-b705-5bfb51751a37
Collis Primary School,102903,3182032,Pupils excluding nursery,2024-05,2023/24,,656,pupils,https://explore-education-statistics.service.gov.uk/data-catalogue/data-set/d99443e1-1258-4894-b705-5bfb51751a37
Collis Primary School,102903,3182032,Reported capacity excluding nursery,2024-05,2023/24,,750,places,https://explore-education-statistics.service.gov.uk/data-catalogue/data-set/d99443e1-1258-4894-b705-5bfb51751a37
Collis Primary School,102903,3182032,Pupils excluding nursery,2025-05,2024/25,,627,pupils,https://explore-education-statistics.service.gov.uk/data-catalogue/data-set/d99443e1-1258-4894-b705-5bfb51751a37
Collis Primary School,102903,3182032,Reported capacity excluding nursery,2025-05,2024/25,,750,places,https://explore-education-statistics.service.gov.uk/data-catalogue/data-set/d99443e1-1258-4894-b705-5bfb51751a37
Collis Primary School,102903,3182032,Pupils by curriculum year,2026-01,2025/26,Reception,90,pupils,https://explore-education-statistics.service.gov.uk/find-statistics/school-pupils-and-their-characteristics/2025-26/explore
Collis Primary School,102903,3182032,Pupils by curriculum year,2026-01,2025/26,Year 1,91,pupils,https://explore-education-statistics.service.gov.uk/find-statistics/school-pupils-and-their-characteristics/2025-26/explore
Collis Primary School,102903,3182032,Pupils by curriculum year,2026-01,2025/26,Year 2,90,pupils,https://explore-education-statistics.service.gov.uk/find-statistics/school-pupils-and-their-characteristics/2025-26/explore
Collis Primary School,102903,3182032,Pupils by curriculum year,2026-01,2025/26,Year 3,91,pupils,https://explore-education-statistics.service.gov.uk/find-statistics/school-pupils-and-their-characteristics/2025-26/explore
Collis Primary School,102903,3182032,Pupils by curriculum year,2026-01,2025/26,Year 4,90,pupils,https://explore-education-statistics.service.gov.uk/find-statistics/school-pupils-and-their-characteristics/2025-26/explore
Collis Primary School,102903,3182032,Pupils by curriculum year,2026-01,2025/26,Year 5,87,pupils,https://explore-education-statistics.service.gov.uk/find-statistics/school-pupils-and-their-characteristics/2025-26/explore
Collis Primary School,102903,3182032,Pupils by curriculum year,2026-01,2025/26,Year 6,89,pupils,https://explore-education-statistics.service.gov.uk/find-statistics/school-pupils-and-their-characteristics/2025-26/explore
Deer Park School,142012,3182017,Pupils excluding nursery,2022-05,2021/22,,299,pupils,https://explore-education-statistics.service.gov.uk/data-catalogue/data-set/d99443e1-1258-4894-b705-5bfb51751a37
Deer Park School,142012,3182017,Reported capacity excluding nursery,2022-05,2021/22,,420,places,https://explore-education-statistics.service.gov.uk/data-catalogue/data-set/d99443e1-1258-4894-b705-5bfb51751a37
Deer Park School,142012,3182017,Pupils excluding nursery,2023-05,2022/23,,331,pupils,https://explore-education-statistics.service.gov.uk/data-catalogue/data-set/d99443e1-1258-4894-b705-5bfb51751a37
Deer Park School,142012,3182017,Reported capacity excluding nursery,2023-05,2022/23,,420,places,https://explore-education-statistics.service.gov.uk/data-catalogue/data-set/d99443e1-1258-4894-b705-5bfb51751a37
Deer Park School,142012,3182017,Pupils excluding nursery,2024-05,2023/24,,360,pupils,https://explore-education-statistics.service.gov.uk/data-catalogue/data-set/d99443e1-1258-4894-b705-5bfb51751a37
Deer Park School,142012,3182017,Reported capacity excluding nursery,2024-05,2023/24,,420,places,https://explore-education-statistics.service.gov.uk/data-catalogue/data-set/d99443e1-1258-4894-b705-5bfb51751a37
Deer Park School,142012,3182017,Pupils excluding nursery,2025-05,2024/25,,391,pupils,https://explore-education-statistics.service.gov.uk/data-catalogue/data-set/d99443e1-1258-4894-b705-5bfb51751a37
Deer Park School,142012,3182017,Reported capacity excluding nursery,2025-05,2024/25,,420,places,https://explore-education-statistics.service.gov.uk/data-catalogue/data-set/d99443e1-1258-4894-b705-5bfb51751a37
Deer Park School,142012,3182017,Pupils by curriculum year,2026-01,2025/26,Reception,59,pupils,https://explore-education-statistics.service.gov.uk/find-statistics/school-pupils-and-their-characteristics/2025-26/explore
Deer Park School,142012,3182017,Pupils by curriculum year,2026-01,2025/26,Year 1,60,pupils,https://explore-education-statistics.service.gov.uk/find-statistics/school-pupils-and-their-characteristics/2025-26/explore
Deer Park School,142012,3182017,Pupils by curriculum year,2026-01,2025/26,Year 2,59,pupils,https://explore-education-statistics.service.gov.uk/find-statistics/school-pupils-and-their-characteristics/2025-26/explore
Deer Park School,142012,3182017,Pupils by curriculum year,2026-01,2025/26,Year 3,60,pupils,https://explore-education-statistics.service.gov.uk/find-statistics/school-pupils-and-their-characteristics/2025-26/explore
Deer Park School,142012,3182017,Pupils by curriculum year,2026-01,2025/26,Year 4,60,pupils,https://explore-education-statistics.service.gov.uk/find-statistics/school-pupils-and-their-characteristics/2025-26/explore
Deer Park School,142012,3182017,Pupils by curriculum year,2026-01,2025/26,Year 5,59,pupils,https://explore-education-statistics.service.gov.uk/find-statistics/school-pupils-and-their-characteristics/2025-26/explore
Deer Park School,142012,3182017,Pupils by curriculum year,2026-01,2025/26,Year 6,60,pupils,https://explore-education-statistics.service.gov.uk/find-statistics/school-pupils-and-their-characteristics/2025-26/explore
East Sheen Primary School,102885,3182006,Pupils excluding nursery,2022-05,2021/22,,566,pupils,https://explore-education-statistics.service.gov.uk/data-catalogue/data-set/d99443e1-1258-4894-b705-5bfb51751a37
East Sheen Primary School,102885,3182006,Reported capacity excluding nursery,2022-05,2021/22,,630,places,https://explore-education-statistics.service.gov.uk/data-catalogue/data-set/d99443e1-1258-4894-b705-5bfb51751a37
East Sheen Primary School,102885,3182006,Pupils excluding nursery,2023-05,2022/23,,576,pupils,https://explore-education-statistics.service.gov.uk/data-catalogue/data-set/d99443e1-1258-4894-b705-5bfb51751a37
East Sheen Primary School,102885,3182006,Reported capacity excluding nursery,2023-05,2022/23,,630,places,https://explore-education-statistics.service.gov.uk/data-catalogue/data-set/d99443e1-1258-4894-b705-5bfb51751a37
East Sheen Primary School,102885,3182006,Pupils excluding nursery,2024-05,2023/24,,576,pupils,https://explore-education-statistics.service.gov.uk/data-catalogue/data-set/d99443e1-1258-4894-b705-5bfb51751a37
East Sheen Primary School,102885,3182006,Reported capacity excluding nursery,2024-05,2023/24,,630,places,https://explore-education-statistics.service.gov.uk/data-catalogue/data-set/d99443e1-1258-4894-b705-5bfb51751a37
East Sheen Primary School,102885,3182006,Pupils excluding nursery,2025-05,2024/25,,602,pupils,https://explore-education-statistics.service.gov.uk/data-catalogue/data-set/d99443e1-1258-4894-b705-5bfb51751a37
East Sheen Primary School,102885,3182006,Reported capacity excluding nursery,2025-05,2024/25,,630,places,https://explore-education-statistics.service.gov.uk/data-catalogue/data-set/d99443e1-1258-4894-b705-5bfb51751a37
East Sheen Primary School,102885,3182006,Pupils by curriculum year,2026-01,2025/26,Reception,89,pupils,https://explore-education-statistics.service.gov.uk/find-statistics/school-pupils-and-their-characteristics/2025-26/explore
East Sheen Primary School,102885,3182006,Pupils by curriculum year,2026-01,2025/26,Year 1,87,pupils,https://explore-education-statistics.service.gov.uk/find-statistics/school-pupils-and-their-characteristics/2025-26/explore
East Sheen Primary School,102885,3182006,Pupils by curriculum year,2026-01,2025/26,Year 2,82,pupils,https://explore-education-statistics.service.gov.uk/find-statistics/school-pupils-and-their-characteristics/2025-26/explore
East Sheen Primary School,102885,3182006,Pupils by curriculum year,2026-01,2025/26,Year 3,85,pupils,https://explore-education-statistics.service.gov.uk/find-statistics/school-pupils-and-their-characteristics/2025-26/explore
East Sheen Primary School,102885,3182006,Pupils by curriculum year,2026-01,2025/26,Year 4,78,pupils,https://explore-education-statistics.service.gov.uk/find-statistics/school-pupils-and-their-characteristics/2025-26/explore
East Sheen Primary School,102885,3182006,Pupils by curriculum year,2026-01,2025/26,Year 5,88,pupils,https://explore-education-statistics.service.gov.uk/find-statistics/school-pupils-and-their-characteristics/2025-26/explore
East Sheen Primary School,102885,3182006,Pupils by curriculum year,2026-01,2025/26,Year 6,84,pupils,https://explore-education-statistics.service.gov.uk/find-statistics/school-pupils-and-their-characteristics/2025-26/explore
Hampton Hill Junior School,102886,3182007,Pupils excluding nursery,2022-05,2021/22,,360,pupils,https://explore-education-statistics.service.gov.uk/data-catalogue/data-set/d99443e1-1258-4894-b705-5bfb51751a37
Hampton Hill Junior School,102886,3182007,Reported capacity excluding nursery,2022-05,2021/22,,360,places,https://explore-education-statistics.service.gov.uk/data-catalogue/data-set/d99443e1-1258-4894-b705-5bfb51751a37
Hampton Hill Junior School,102886,3182007,Pupils excluding nursery,2023-05,2022/23,,360,pupils,https://explore-education-statistics.service.gov.uk/data-catalogue/data-set/d99443e1-1258-4894-b705-5bfb51751a37
Hampton Hill Junior School,102886,3182007,Reported capacity excluding nursery,2023-05,2022/23,,360,places,https://explore-education-statistics.service.gov.uk/data-catalogue/data-set/d99443e1-1258-4894-b705-5bfb51751a37
Hampton Hill Junior School,102886,3182007,Pupils excluding nursery,2024-05,2023/24,,349,pupils,https://explore-education-statistics.service.gov.uk/data-catalogue/data-set/d99443e1-1258-4894-b705-5bfb51751a37
Hampton Hill Junior School,102886,3182007,Reported capacity excluding nursery,2024-05,2023/24,,360,places,https://explore-education-statistics.service.gov.uk/data-catalogue/data-set/d99443e1-1258-4894-b705-5bfb51751a37
Hampton Hill Junior School,102886,3182007,Pupils excluding nursery,2025-05,2024/25,,328,pupils,https://explore-education-statistics.service.gov.uk/data-catalogue/data-set/d99443e1-1258-4894-b705-5bfb51751a37
Hampton Hill Junior School,102886,3182007,Reported capacity excluding nursery,2025-05,2024/25,,360,places,https://explore-education-statistics.service.gov.uk/data-catalogue/data-set/d99443e1-1258-4894-b705-5bfb51751a37
Hampton Hill Junior School,102886,3182007,Pupils by curriculum year,2026-01,2025/26,Reception,0,pupils,https://explore-education-statistics.service.gov.uk/find-statistics/school-pupils-and-their-characteristics/2025-26/explore
Hampton Hill Junior School,102886,3182007,Pupils by curriculum year,2026-01,2025/26,Year 1,0,pupils,https://explore-education-statistics.service.gov.uk/find-statistics/school-pupils-and-their-characteristics/2025-26/explore
Hampton Hill Junior School,102886,3182007,Pupils by curriculum year,2026-01,2025/26,Year 2,0,pupils,https://explore-education-statistics.service.gov.uk/find-statistics/school-pupils-and-their-characteristics/2025-26/explore
Hampton Hill Junior School,102886,3182007,Pupils by curriculum year,2026-01,2025/26,Year 3,67,pupils,https://explore-education-statistics.service.gov.uk/find-statistics/school-pupils-and-their-characteristics/2025-26/explore
Hampton Hill Junior School,102886,3182007,Pupils by curriculum year,2026-01,2025/26,Year 4,75,pupils,https://explore-education-statistics.service.gov.uk/find-statistics/school-pupils-and-their-characteristics/2025-26/explore
Hampton Hill Junior School,102886,3182007,Pupils by curriculum year,2026-01,2025/26,Year 5,79,pupils,https://explore-education-statistics.service.gov.uk/find-statistics/school-pupils-and-their-characteristics/2025-26/explore
Hampton Hill Junior School,102886,3182007,Pupils by curriculum year,2026-01,2025/26,Year 6,85,pupils,https://explore-education-statistics.service.gov.uk/find-statistics/school-pupils-and-their-characteristics/2025-26/explore
Hampton Infant School and Nursery,102888,3182009,Pupils excluding nursery,2022-05,2021/22,,345,pupils,https://explore-education-statistics.service.gov.uk/data-catalogue/data-set/d99443e1-1258-4894-b705-5bfb51751a37
Hampton Infant School and Nursery,102888,3182009,Reported capacity excluding nursery,2022-05,2021/22,,360,places,https://explore-education-statistics.service.gov.uk/data-catalogue/data-set/d99443e1-1258-4894-b705-5bfb51751a37
Hampton Infant School and Nursery,102888,3182009,Pupils excluding nursery,2023-05,2022/23,,351,pupils,https://explore-education-statistics.service.gov.uk/data-catalogue/data-set/d99443e1-1258-4894-b705-5bfb51751a37
Hampton Infant School and Nursery,102888,3182009,Reported capacity excluding nursery,2023-05,2022/23,,360,places,https://explore-education-statistics.service.gov.uk/data-catalogue/data-set/d99443e1-1258-4894-b705-5bfb51751a37
Hampton Infant School and Nursery,102888,3182009,Pupils excluding nursery,2024-05,2023/24,,345,pupils,https://explore-education-statistics.service.gov.uk/data-catalogue/data-set/d99443e1-1258-4894-b705-5bfb51751a37
Hampton Infant School and Nursery,102888,3182009,Reported capacity excluding nursery,2024-05,2023/24,,360,places,https://explore-education-statistics.service.gov.uk/data-catalogue/data-set/d99443e1-1258-4894-b705-5bfb51751a37
Hampton Infant School and Nursery,102888,3182009,Pupils excluding nursery,2025-05,2024/25,,335,pupils,https://explore-education-statistics.service.gov.uk/data-catalogue/data-set/d99443e1-1258-4894-b705-5bfb51751a37
Hampton Infant School and Nursery,102888,3182009,Reported capacity excluding nursery,2025-05,2024/25,,360,places,https://explore-education-statistics.service.gov.uk/data-catalogue/data-set/d99443e1-1258-4894-b705-5bfb51751a37
Hampton Infant School and Nursery,102888,3182009,Pupils by curriculum year,2026-01,2025/26,Reception,115,pupils,https://explore-education-statistics.service.gov.uk/find-statistics/school-pupils-and-their-characteristics/2025-26/explore
Hampton Infant School and Nursery,102888,3182009,Pupils by curriculum year,2026-01,2025/26,Year 1,112,pupils,https://explore-education-statistics.service.gov.uk/find-statistics/school-pupils-and-their-characteristics/2025-26/explore
Hampton Infant School and Nursery,102888,3182009,Pupils by curriculum year,2026-01,2025/26,Year 2,109,pupils,https://explore-education-statistics.service.gov.uk/find-statistics/school-pupils-and-their-characteristics/2025-26/explore
Hampton Infant School and Nursery,102888,3182009,Pupils by curriculum year,2026-01,2025/26,Year 3,0,pupils,https://explore-education-statistics.service.gov.uk/find-statistics/school-pupils-and-their-characteristics/2025-26/explore
Hampton Infant School and Nursery,102888,3182009,Pupils by curriculum year,2026-01,2025/26,Year 4,0,pupils,https://explore-education-statistics.service.gov.uk/find-statistics/school-pupils-and-their-characteristics/2025-26/explore
Hampton Infant School and Nursery,102888,3182009,Pupils by curriculum year,2026-01,2025/26,Year 5,0,pupils,https://explore-education-statistics.service.gov.uk/find-statistics/school-pupils-and-their-characteristics/2025-26/explore
Hampton Infant School and Nursery,102888,3182009,Pupils by curriculum year,2026-01,2025/26,Year 6,0,pupils,https://explore-education-statistics.service.gov.uk/find-statistics/school-pupils-and-their-characteristics/2025-26/explore
Hampton Junior School,102887,3182008,Pupils excluding nursery,2022-05,2021/22,,442,pupils,https://explore-education-statistics.service.gov.uk/data-catalogue/data-set/d99443e1-1258-4894-b705-5bfb51751a37
Hampton Junior School,102887,3182008,Reported capacity excluding nursery,2022-05,2021/22,,480,places,https://explore-education-statistics.service.gov.uk/data-catalogue/data-set/d99443e1-1258-4894-b705-5bfb51751a37
Hampton Junior School,102887,3182008,Pupils excluding nursery,2023-05,2022/23,,448,pupils,https://explore-education-statistics.service.gov.uk/data-catalogue/data-set/d99443e1-1258-4894-b705-5bfb51751a37
Hampton Junior School,102887,3182008,Reported capacity excluding nursery,2023-05,2022/23,,480,places,https://explore-education-statistics.service.gov.uk/data-catalogue/data-set/d99443e1-1258-4894-b705-5bfb51751a37
Hampton Junior School,102887,3182008,Pupils excluding nursery,2024-05,2023/24,,461,pupils,https://explore-education-statistics.service.gov.uk/data-catalogue/data-set/d99443e1-1258-4894-b705-5bfb51751a37
Hampton Junior School,102887,3182008,Reported capacity excluding nursery,2024-05,2023/24,,480,places,https://explore-education-statistics.service.gov.uk/data-catalogue/data-set/d99443e1-1258-4894-b705-5bfb51751a37
Hampton Junior School,102887,3182008,Pupils excluding nursery,2025-05,2024/25,,473,pupils,https://explore-education-statistics.service.gov.uk/data-catalogue/data-set/d99443e1-1258-4894-b705-5bfb51751a37
Hampton Junior School,102887,3182008,Reported capacity excluding nursery,2025-05,2024/25,,480,places,https://explore-education-statistics.service.gov.uk/data-catalogue/data-set/d99443e1-1258-4894-b705-5bfb51751a37
Hampton Junior School,102887,3182008,Pupils by curriculum year,2026-01,2025/26,Reception,0,pupils,https://explore-education-statistics.service.gov.uk/find-statistics/school-pupils-and-their-characteristics/2025-26/explore
Hampton Junior School,102887,3182008,Pupils by curriculum year,2026-01,2025/26,Year 1,0,pupils,https://explore-education-statistics.service.gov.uk/find-statistics/school-pupils-and-their-characteristics/2025-26/explore
Hampton Junior School,102887,3182008,Pupils by curriculum year,2026-01,2025/26,Year 2,0,pupils,https://explore-education-statistics.service.gov.uk/find-statistics/school-pupils-and-their-characteristics/2025-26/explore
Hampton Junior School,102887,3182008,Pupils by curriculum year,2026-01,2025/26,Year 3,120,pupils,https://explore-education-statistics.service.gov.uk/find-statistics/school-pupils-and-their-characteristics/2025-26/explore
Hampton Junior School,102887,3182008,Pupils by curriculum year,2026-01,2025/26,Year 4,122,pupils,https://explore-education-statistics.service.gov.uk/find-statistics/school-pupils-and-their-characteristics/2025-26/explore
Hampton Junior School,102887,3182008,Pupils by curriculum year,2026-01,2025/26,Year 5,119,pupils,https://explore-education-statistics.service.gov.uk/find-statistics/school-pupils-and-their-characteristics/2025-26/explore
Hampton Junior School,102887,3182008,Pupils by curriculum year,2026-01,2025/26,Year 6,113,pupils,https://explore-education-statistics.service.gov.uk/find-statistics/school-pupils-and-their-characteristics/2025-26/explore
Hampton Wick Infant and Nursery School,102889,3182010,Pupils excluding nursery,2022-05,2021/22,,186,pupils,https://explore-education-statistics.service.gov.uk/data-catalogue/data-set/d99443e1-1258-4894-b705-5bfb51751a37
Hampton Wick Infant and Nursery School,102889,3182010,Reported capacity excluding nursery,2022-05,2021/22,,270,places,https://explore-education-statistics.service.gov.uk/data-catalogue/data-set/d99443e1-1258-4894-b705-5bfb51751a37
Hampton Wick Infant and Nursery School,102889,3182010,Pupils excluding nursery,2023-05,2022/23,,171,pupils,https://explore-education-statistics.service.gov.uk/data-catalogue/data-set/d99443e1-1258-4894-b705-5bfb51751a37
Hampton Wick Infant and Nursery School,102889,3182010,Reported capacity excluding nursery,2023-05,2022/23,,270,places,https://explore-education-statistics.service.gov.uk/data-catalogue/data-set/d99443e1-1258-4894-b705-5bfb51751a37
Hampton Wick Infant and Nursery School,102889,3182010,Pupils excluding nursery,2024-05,2023/24,,151,pupils,https://explore-education-statistics.service.gov.uk/data-catalogue/data-set/d99443e1-1258-4894-b705-5bfb51751a37
Hampton Wick Infant and Nursery School,102889,3182010,Reported capacity excluding nursery,2024-05,2023/24,,270,places,https://explore-education-statistics.service.gov.uk/data-catalogue/data-set/d99443e1-1258-4894-b705-5bfb51751a37
Hampton Wick Infant and Nursery School,102889,3182010,Pupils excluding nursery,2025-05,2024/25,,139,pupils,https://explore-education-statistics.service.gov.uk/data-catalogue/data-set/d99443e1-1258-4894-b705-5bfb51751a37
Hampton Wick Infant and Nursery School,102889,3182010,Reported capacity excluding nursery,2025-05,2024/25,,270,places,https://explore-education-statistics.service.gov.uk/data-catalogue/data-set/d99443e1-1258-4894-b705-5bfb51751a37
Hampton Wick Infant and Nursery School,102889,3182010,Pupils by curriculum year,2026-01,2025/26,Reception,51,pupils,https://explore-education-statistics.service.gov.uk/find-statistics/school-pupils-and-their-characteristics/2025-26/explore
Hampton Wick Infant and Nursery School,102889,3182010,Pupils by curriculum year,2026-01,2025/26,Year 1,43,pupils,https://explore-education-statistics.service.gov.uk/find-statistics/school-pupils-and-their-characteristics/2025-26/explore
Hampton Wick Infant and Nursery School,102889,3182010,Pupils by curriculum year,2026-01,2025/26,Year 2,34,pupils,https://explore-education-statistics.service.gov.uk/find-statistics/school-pupils-and-their-characteristics/2025-26/explore
Hampton Wick Infant and Nursery School,102889,3182010,Pupils by curriculum year,2026-01,2025/26,Year 3,0,pupils,https://explore-education-statistics.service.gov.uk/find-statistics/school-pupils-and-their-characteristics/2025-26/explore
Hampton Wick Infant and Nursery School,102889,3182010,Pupils by curriculum year,2026-01,2025/26,Year 4,0,pupils,https://explore-education-statistics.service.gov.uk/find-statistics/school-pupils-and-their-characteristics/2025-26/explore
Hampton Wick Infant and Nursery School,102889,3182010,Pupils by curriculum year,2026-01,2025/26,Year 5,0,pupils,https://explore-education-statistics.service.gov.uk/find-statistics/school-pupils-and-their-characteristics/2025-26/explore
Hampton Wick Infant and Nursery School,102889,3182010,Pupils by curriculum year,2026-01,2025/26,Year 6,0,pupils,https://explore-education-statistics.service.gov.uk/find-statistics/school-pupils-and-their-characteristics/2025-26/explore
Heathfield Infant School,102891,3182012,Pupils excluding nursery,2022-05,2021/22,,287,pupils,https://explore-education-statistics.service.gov.uk/data-catalogue/data-set/d99443e1-1258-4894-b705-5bfb51751a37
Heathfield Infant School,102891,3182012,Reported capacity excluding nursery,2022-05,2021/22,,360,places,https://explore-education-statistics.service.gov.uk/data-catalogue/data-set/d99443e1-1258-4894-b705-5bfb51751a37
Heathfield Infant School,102891,3182012,Pupils excluding nursery,2023-05,2022/23,,284,pupils,https://explore-education-statistics.service.gov.uk/data-catalogue/data-set/d99443e1-1258-4894-b705-5bfb51751a37
Heathfield Infant School,102891,3182012,Reported capacity excluding nursery,2023-05,2022/23,,360,places,https://explore-education-statistics.service.gov.uk/data-catalogue/data-set/d99443e1-1258-4894-b705-5bfb51751a37
Heathfield Infant School,102891,3182012,Pupils excluding nursery,2024-05,2023/24,,265,pupils,https://explore-education-statistics.service.gov.uk/data-catalogue/data-set/d99443e1-1258-4894-b705-5bfb51751a37
Heathfield Infant School,102891,3182012,Reported capacity excluding nursery,2024-05,2023/24,,360,places,https://explore-education-statistics.service.gov.uk/data-catalogue/data-set/d99443e1-1258-4894-b705-5bfb51751a37
Heathfield Infant School,102891,3182012,Pupils excluding nursery,2025-05,2024/25,,232,pupils,https://explore-education-statistics.service.gov.uk/data-catalogue/data-set/d99443e1-1258-4894-b705-5bfb51751a37
Heathfield Infant School,102891,3182012,Reported capacity excluding nursery,2025-05,2024/25,,360,places,https://explore-education-statistics.service.gov.uk/data-catalogue/data-set/d99443e1-1258-4894-b705-5bfb51751a37
Heathfield Infant School,102891,3182012,Pupils by curriculum year,2026-01,2025/26,Reception,81,pupils,https://explore-education-statistics.service.gov.uk/find-statistics/school-pupils-and-their-characteristics/2025-26/explore
Heathfield Infant School,102891,3182012,Pupils by curriculum year,2026-01,2025/26,Year 1,65,pupils,https://explore-education-statistics.service.gov.uk/find-statistics/school-pupils-and-their-characteristics/2025-26/explore
Heathfield Infant School,102891,3182012,Pupils by curriculum year,2026-01,2025/26,Year 2,84,pupils,https://explore-education-statistics.service.gov.uk/find-statistics/school-pupils-and-their-characteristics/2025-26/explore
Heathfield Infant School,102891,3182012,Pupils by curriculum year,2026-01,2025/26,Year 3,0,pupils,https://explore-education-statistics.service.gov.uk/find-statistics/school-pupils-and-their-characteristics/2025-26/explore
Heathfield Infant School,102891,3182012,Pupils by curriculum year,2026-01,2025/26,Year 4,0,pupils,https://explore-education-statistics.service.gov.uk/find-statistics/school-pupils-and-their-characteristics/2025-26/explore
Heathfield Infant School,102891,3182012,Pupils by curriculum year,2026-01,2025/26,Year 5,0,pupils,https://explore-education-statistics.service.gov.uk/find-statistics/school-pupils-and-their-characteristics/2025-26/explore
Heathfield Infant School,102891,3182012,Pupils by curriculum year,2026-01,2025/26,Year 6,0,pupils,https://explore-education-statistics.service.gov.uk/find-statistics/school-pupils-and-their-characteristics/2025-26/explore
Heathfield Junior School,102890,3182011,Pupils excluding nursery,2022-05,2021/22,,459,pupils,https://explore-education-statistics.service.gov.uk/data-catalogue/data-set/d99443e1-1258-4894-b705-5bfb51751a37
Heathfield Junior School,102890,3182011,Reported capacity excluding nursery,2022-05,2021/22,,480,places,https://explore-education-statistics.service.gov.uk/data-catalogue/data-set/d99443e1-1258-4894-b705-5bfb51751a37
Heathfield Junior School,102890,3182011,Pupils excluding nursery,2023-05,2022/23,,424,pupils,https://explore-education-statistics.service.gov.uk/data-catalogue/data-set/d99443e1-1258-4894-b705-5bfb51751a37
Heathfield Junior School,102890,3182011,Reported capacity excluding nursery,2023-05,2022/23,,480,places,https://explore-education-statistics.service.gov.uk/data-catalogue/data-set/d99443e1-1258-4894-b705-5bfb51751a37
Heathfield Junior School,102890,3182011,Pupils excluding nursery,2024-05,2023/24,,434,pupils,https://explore-education-statistics.service.gov.uk/data-catalogue/data-set/d99443e1-1258-4894-b705-5bfb51751a37
Heathfield Junior School,102890,3182011,Reported capacity excluding nursery,2024-05,2023/24,,480,places,https://explore-education-statistics.service.gov.uk/data-catalogue/data-set/d99443e1-1258-4894-b705-5bfb51751a37
Heathfield Junior School,102890,3182011,Pupils excluding nursery,2025-05,2024/25,,410,pupils,https://explore-education-statistics.service.gov.uk/data-catalogue/data-set/d99443e1-1258-4894-b705-5bfb51751a37
Heathfield Junior School,102890,3182011,Reported capacity excluding nursery,2025-05,2024/25,,480,places,https://explore-education-statistics.service.gov.uk/data-catalogue/data-set/d99443e1-1258-4894-b705-5bfb51751a37
Heathfield Junior School,102890,3182011,Pupils by curriculum year,2026-01,2025/26,Reception,0,pupils,https://explore-education-statistics.service.gov.uk/find-statistics/school-pupils-and-their-characteristics/2025-26/explore
Heathfield Junior School,102890,3182011,Pupils by curriculum year,2026-01,2025/26,Year 1,0,pupils,https://explore-education-statistics.service.gov.uk/find-statistics/school-pupils-and-their-characteristics/2025-26/explore
Heathfield Junior School,102890,3182011,Pupils by curriculum year,2026-01,2025/26,Year 2,0,pupils,https://explore-education-statistics.service.gov.uk/find-statistics/school-pupils-and-their-characteristics/2025-26/explore
Heathfield Junior School,102890,3182011,Pupils by curriculum year,2026-01,2025/26,Year 3,77,pupils,https://explore-education-statistics.service.gov.uk/find-statistics/school-pupils-and-their-characteristics/2025-26/explore
Heathfield Junior School,102890,3182011,Pupils by curriculum year,2026-01,2025/26,Year 4,90,pupils,https://explore-education-statistics.service.gov.uk/find-statistics/school-pupils-and-their-characteristics/2025-26/explore
Heathfield Junior School,102890,3182011,Pupils by curriculum year,2026-01,2025/26,Year 5,115,pupils,https://explore-education-statistics.service.gov.uk/find-statistics/school-pupils-and-their-characteristics/2025-26/explore
Heathfield Junior School,102890,3182011,Pupils by curriculum year,2026-01,2025/26,Year 6,88,pupils,https://explore-education-statistics.service.gov.uk/find-statistics/school-pupils-and-their-characteristics/2025-26/explore
Holy Trinity Church of England Primary School,102908,3183304,Pupils excluding nursery,2022-05,2021/22,,382,pupils,https://explore-education-statistics.service.gov.uk/data-catalogue/data-set/d99443e1-1258-4894-b705-5bfb51751a37
Holy Trinity Church of England Primary School,102908,3183304,Reported capacity excluding nursery,2022-05,2021/22,,420,places,https://explore-education-statistics.service.gov.uk/data-catalogue/data-set/d99443e1-1258-4894-b705-5bfb51751a37
Holy Trinity Church of England Primary School,102908,3183304,Pupils excluding nursery,2023-05,2022/23,,380,pupils,https://explore-education-statistics.service.gov.uk/data-catalogue/data-set/d99443e1-1258-4894-b705-5bfb51751a37
Holy Trinity Church of England Primary School,102908,3183304,Reported capacity excluding nursery,2023-05,2022/23,,420,places,https://explore-education-statistics.service.gov.uk/data-catalogue/data-set/d99443e1-1258-4894-b705-5bfb51751a37
Holy Trinity Church of England Primary School,102908,3183304,Pupils excluding nursery,2024-05,2023/24,,329,pupils,https://explore-education-statistics.service.gov.uk/data-catalogue/data-set/d99443e1-1258-4894-b705-5bfb51751a37
Holy Trinity Church of England Primary School,102908,3183304,Reported capacity excluding nursery,2024-05,2023/24,,420,places,https://explore-education-statistics.service.gov.uk/data-catalogue/data-set/d99443e1-1258-4894-b705-5bfb51751a37
Holy Trinity Church of England Primary School,102908,3183304,Pupils excluding nursery,2025-05,2024/25,,303,pupils,https://explore-education-statistics.service.gov.uk/data-catalogue/data-set/d99443e1-1258-4894-b705-5bfb51751a37
Holy Trinity Church of England Primary School,102908,3183304,Reported capacity excluding nursery,2025-05,2024/25,,420,places,https://explore-education-statistics.service.gov.uk/data-catalogue/data-set/d99443e1-1258-4894-b705-5bfb51751a37
Holy Trinity Church of England Primary School,102908,3183304,Pupils by curriculum year,2026-01,2025/26,Reception,41,pupils,https://explore-education-statistics.service.gov.uk/find-statistics/school-pupils-and-their-characteristics/2025-26/explore
Holy Trinity Church of England Primary School,102908,3183304,Pupils by curriculum year,2026-01,2025/26,Year 1,26,pupils,https://explore-education-statistics.service.gov.uk/find-statistics/school-pupils-and-their-characteristics/2025-26/explore
Holy Trinity Church of England Primary School,102908,3183304,Pupils by curriculum year,2026-01,2025/26,Year 2,31,pupils,https://explore-education-statistics.service.gov.uk/find-statistics/school-pupils-and-their-characteristics/2025-26/explore
Holy Trinity Church of England Primary School,102908,3183304,Pupils by curriculum year,2026-01,2025/26,Year 3,45,pupils,https://explore-education-statistics.service.gov.uk/find-statistics/school-pupils-and-their-characteristics/2025-26/explore
Holy Trinity Church of England Primary School,102908,3183304,Pupils by curriculum year,2026-01,2025/26,Year 4,46,pupils,https://explore-education-statistics.service.gov.uk/find-statistics/school-pupils-and-their-characteristics/2025-26/explore
Holy Trinity Church of England Primary School,102908,3183304,Pupils by curriculum year,2026-01,2025/26,Year 5,39,pupils,https://explore-education-statistics.service.gov.uk/find-statistics/school-pupils-and-their-characteristics/2025-26/explore
Holy Trinity Church of England Primary School,102908,3183304,Pupils by curriculum year,2026-01,2025/26,Year 6,55,pupils,https://explore-education-statistics.service.gov.uk/find-statistics/school-pupils-and-their-characteristics/2025-26/explore
Lowther Primary School,102892,3182013,Pupils excluding nursery,2022-05,2021/22,,272,pupils,https://explore-education-statistics.service.gov.uk/data-catalogue/data-set/d99443e1-1258-4894-b705-5bfb51751a37
Lowther Primary School,102892,3182013,Reported capacity excluding nursery,2022-05,2021/22,,420,places,https://explore-education-statistics.service.gov.uk/data-catalogue/data-set/d99443e1-1258-4894-b705-5bfb51751a37
Lowther Primary School,102892,3182013,Pupils excluding nursery,2023-05,2022/23,,250,pupils,https://explore-education-statistics.service.gov.uk/data-catalogue/data-set/d99443e1-1258-4894-b705-5bfb51751a37
Lowther Primary School,102892,3182013,Reported capacity excluding nursery,2023-05,2022/23,,420,places,https://explore-education-statistics.service.gov.uk/data-catalogue/data-set/d99443e1-1258-4894-b705-5bfb51751a37
Lowther Primary School,102892,3182013,Pupils excluding nursery,2024-05,2023/24,,249,pupils,https://explore-education-statistics.service.gov.uk/data-catalogue/data-set/d99443e1-1258-4894-b705-5bfb51751a37
Lowther Primary School,102892,3182013,Reported capacity excluding nursery,2024-05,2023/24,,420,places,https://explore-education-statistics.service.gov.uk/data-catalogue/data-set/d99443e1-1258-4894-b705-5bfb51751a37
Lowther Primary School,102892,3182013,Pupils excluding nursery,2025-05,2024/25,,217,pupils,https://explore-education-statistics.service.gov.uk/data-catalogue/data-set/d99443e1-1258-4894-b705-5bfb51751a37
Lowther Primary School,102892,3182013,Reported capacity excluding nursery,2025-05,2024/25,,420,places,https://explore-education-statistics.service.gov.uk/data-catalogue/data-set/d99443e1-1258-4894-b705-5bfb51751a37
Lowther Primary School,102892,3182013,Pupils by curriculum year,2026-01,2025/26,Reception,30,pupils,https://explore-education-statistics.service.gov.uk/find-statistics/school-pupils-and-their-characteristics/2025-26/explore
Lowther Primary School,102892,3182013,Pupils by curriculum year,2026-01,2025/26,Year 1,27,pupils,https://explore-education-statistics.service.gov.uk/find-statistics/school-pupils-and-their-characteristics/2025-26/explore
Lowther Primary School,102892,3182013,Pupils by curriculum year,2026-01,2025/26,Year 2,29,pupils,https://explore-education-statistics.service.gov.uk/find-statistics/school-pupils-and-their-characteristics/2025-26/explore
Lowther Primary School,102892,3182013,Pupils by curriculum year,2026-01,2025/26,Year 3,34,pupils,https://explore-education-statistics.service.gov.uk/find-statistics/school-pupils-and-their-characteristics/2025-26/explore
Lowther Primary School,102892,3182013,Pupils by curriculum year,2026-01,2025/26,Year 4,37,pupils,https://explore-education-statistics.service.gov.uk/find-statistics/school-pupils-and-their-characteristics/2025-26/explore
Lowther Primary School,102892,3182013,Pupils by curriculum year,2026-01,2025/26,Year 5,27,pupils,https://explore-education-statistics.service.gov.uk/find-statistics/school-pupils-and-their-characteristics/2025-26/explore
Lowther Primary School,102892,3182013,Pupils by curriculum year,2026-01,2025/26,Year 6,39,pupils,https://explore-education-statistics.service.gov.uk/find-statistics/school-pupils-and-their-characteristics/2025-26/explore
Marshgate Primary School,133728,3182040,Pupils excluding nursery,2022-05,2021/22,,416,pupils,https://explore-education-statistics.service.gov.uk/data-catalogue/data-set/d99443e1-1258-4894-b705-5bfb51751a37
Marshgate Primary School,133728,3182040,Reported capacity excluding nursery,2022-05,2021/22,,420,places,https://explore-education-statistics.service.gov.uk/data-catalogue/data-set/d99443e1-1258-4894-b705-5bfb51751a37
Marshgate Primary School,133728,3182040,Pupils excluding nursery,2023-05,2022/23,,414,pupils,https://explore-education-statistics.service.gov.uk/data-catalogue/data-set/d99443e1-1258-4894-b705-5bfb51751a37
Marshgate Primary School,133728,3182040,Reported capacity excluding nursery,2023-05,2022/23,,420,places,https://explore-education-statistics.service.gov.uk/data-catalogue/data-set/d99443e1-1258-4894-b705-5bfb51751a37
Marshgate Primary School,133728,3182040,Pupils excluding nursery,2024-05,2023/24,,411,pupils,https://explore-education-statistics.service.gov.uk/data-catalogue/data-set/d99443e1-1258-4894-b705-5bfb51751a37
Marshgate Primary School,133728,3182040,Reported capacity excluding nursery,2024-05,2023/24,,420,places,https://explore-education-statistics.service.gov.uk/data-catalogue/data-set/d99443e1-1258-4894-b705-5bfb51751a37
Marshgate Primary School,133728,3182040,Pupils excluding nursery,2025-05,2024/25,,413,pupils,https://explore-education-statistics.service.gov.uk/data-catalogue/data-set/d99443e1-1258-4894-b705-5bfb51751a37
Marshgate Primary School,133728,3182040,Reported capacity excluding nursery,2025-05,2024/25,,420,places,https://explore-education-statistics.service.gov.uk/data-catalogue/data-set/d99443e1-1258-4894-b705-5bfb51751a37
Marshgate Primary School,133728,3182040,Pupils by curriculum year,2026-01,2025/26,Reception,49,pupils,https://explore-education-statistics.service.gov.uk/find-statistics/school-pupils-and-their-characteristics/2025-26/explore
Marshgate Primary School,133728,3182040,Pupils by curriculum year,2026-01,2025/26,Year 1,57,pupils,https://explore-education-statistics.service.gov.uk/find-statistics/school-pupils-and-their-characteristics/2025-26/explore
Marshgate Primary School,133728,3182040,Pupils by curriculum year,2026-01,2025/26,Year 2,55,pupils,https://explore-education-statistics.service.gov.uk/find-statistics/school-pupils-and-their-characteristics/2025-26/explore
Marshgate Primary School,133728,3182040,Pupils by curriculum year,2026-01,2025/26,Year 3,58,pupils,https://explore-education-statistics.service.gov.uk/find-statistics/school-pupils-and-their-characteristics/2025-26/explore
Marshgate Primary School,133728,3182040,Pupils by curriculum year,2026-01,2025/26,Year 4,54,pupils,https://explore-education-statistics.service.gov.uk/find-statistics/school-pupils-and-their-characteristics/2025-26/explore
Marshgate Primary School,133728,3182040,Pupils by curriculum year,2026-01,2025/26,Year 5,56,pupils,https://explore-education-statistics.service.gov.uk/find-statistics/school-pupils-and-their-characteristics/2025-26/explore
Marshgate Primary School,133728,3182040,Pupils by curriculum year,2026-01,2025/26,Year 6,60,pupils,https://explore-education-statistics.service.gov.uk/find-statistics/school-pupils-and-their-characteristics/2025-26/explore
Meadlands Primary School,102893,3182015,Pupils excluding nursery,2022-05,2021/22,,206,pupils,https://explore-education-statistics.service.gov.uk/data-catalogue/data-set/d99443e1-1258-4894-b705-5bfb51751a37
Meadlands Primary School,102893,3182015,Reported capacity excluding nursery,2022-05,2021/22,,210,places,https://explore-education-statistics.service.gov.uk/data-catalogue/data-set/d99443e1-1258-4894-b705-5bfb51751a37
Meadlands Primary School,102893,3182015,Pupils excluding nursery,2023-05,2022/23,,202,pupils,https://explore-education-statistics.service.gov.uk/data-catalogue/data-set/d99443e1-1258-4894-b705-5bfb51751a37
Meadlands Primary School,102893,3182015,Reported capacity excluding nursery,2023-05,2022/23,,210,places,https://explore-education-statistics.service.gov.uk/data-catalogue/data-set/d99443e1-1258-4894-b705-5bfb51751a37
Meadlands Primary School,102893,3182015,Pupils excluding nursery,2024-05,2023/24,,201,pupils,https://explore-education-statistics.service.gov.uk/data-catalogue/data-set/d99443e1-1258-4894-b705-5bfb51751a37
Meadlands Primary School,102893,3182015,Reported capacity excluding nursery,2024-05,2023/24,,210,places,https://explore-education-statistics.service.gov.uk/data-catalogue/data-set/d99443e1-1258-4894-b705-5bfb51751a37
Meadlands Primary School,102893,3182015,Pupils excluding nursery,2025-05,2024/25,,212,pupils,https://explore-education-statistics.service.gov.uk/data-catalogue/data-set/d99443e1-1258-4894-b705-5bfb51751a37
Meadlands Primary School,102893,3182015,Reported capacity excluding nursery,2025-05,2024/25,,210,places,https://explore-education-statistics.service.gov.uk/data-catalogue/data-set/d99443e1-1258-4894-b705-5bfb51751a37
Meadlands Primary School,102893,3182015,Pupils by curriculum year,2026-01,2025/26,Reception,19,pupils,https://explore-education-statistics.service.gov.uk/find-statistics/school-pupils-and-their-characteristics/2025-26/explore
Meadlands Primary School,102893,3182015,Pupils by curriculum year,2026-01,2025/26,Year 1,30,pupils,https://explore-education-statistics.service.gov.uk/find-statistics/school-pupils-and-their-characteristics/2025-26/explore
Meadlands Primary School,102893,3182015,Pupils by curriculum year,2026-01,2025/26,Year 2,30,pupils,https://explore-education-statistics.service.gov.uk/find-statistics/school-pupils-and-their-characteristics/2025-26/explore
Meadlands Primary School,102893,3182015,Pupils by curriculum year,2026-01,2025/26,Year 3,31,pupils,https://explore-education-statistics.service.gov.uk/find-statistics/school-pupils-and-their-characteristics/2025-26/explore
Meadlands Primary School,102893,3182015,Pupils by curriculum year,2026-01,2025/26,Year 4,30,pupils,https://explore-education-statistics.service.gov.uk/find-statistics/school-pupils-and-their-characteristics/2025-26/explore
Meadlands Primary School,102893,3182015,Pupils by curriculum year,2026-01,2025/26,Year 5,32,pupils,https://explore-education-statistics.service.gov.uk/find-statistics/school-pupils-and-their-characteristics/2025-26/explore
Meadlands Primary School,102893,3182015,Pupils by curriculum year,2026-01,2025/26,Year 6,31,pupils,https://explore-education-statistics.service.gov.uk/find-statistics/school-pupils-and-their-characteristics/2025-26/explore
Nelson Primary School,145122,3182029,Pupils excluding nursery,2022-05,2021/22,,299,pupils,https://explore-education-statistics.service.gov.uk/data-catalogue/data-set/d99443e1-1258-4894-b705-5bfb51751a37
Nelson Primary School,145122,3182029,Reported capacity excluding nursery,2022-05,2021/22,,630,places,https://explore-education-statistics.service.gov.uk/data-catalogue/data-set/d99443e1-1258-4894-b705-5bfb51751a37
Nelson Primary School,145122,3182029,Pupils excluding nursery,2023-05,2022/23,,286,pupils,https://explore-education-statistics.service.gov.uk/data-catalogue/data-set/d99443e1-1258-4894-b705-5bfb51751a37
Nelson Primary School,145122,3182029,Reported capacity excluding nursery,2023-05,2022/23,,630,places,https://explore-education-statistics.service.gov.uk/data-catalogue/data-set/d99443e1-1258-4894-b705-5bfb51751a37
Nelson Primary School,145122,3182029,Pupils excluding nursery,2024-05,2023/24,,267,pupils,https://explore-education-statistics.service.gov.uk/data-catalogue/data-set/d99443e1-1258-4894-b705-5bfb51751a37
Nelson Primary School,145122,3182029,Reported capacity excluding nursery,2024-05,2023/24,,630,places,https://explore-education-statistics.service.gov.uk/data-catalogue/data-set/d99443e1-1258-4894-b705-5bfb51751a37
Nelson Primary School,145122,3182029,Pupils excluding nursery,2025-05,2024/25,,241,pupils,https://explore-education-statistics.service.gov.uk/data-catalogue/data-set/d99443e1-1258-4894-b705-5bfb51751a37
Nelson Primary School,145122,3182029,Reported capacity excluding nursery,2025-05,2024/25,,630,places,https://explore-education-statistics.service.gov.uk/data-catalogue/data-set/d99443e1-1258-4894-b705-5bfb51751a37
Nelson Primary School,145122,3182029,Pupils by curriculum year,2026-01,2025/26,Reception,27,pupils,https://explore-education-statistics.service.gov.uk/find-statistics/school-pupils-and-their-characteristics/2025-26/explore
Nelson Primary School,145122,3182029,Pupils by curriculum year,2026-01,2025/26,Year 1,30,pupils,https://explore-education-statistics.service.gov.uk/find-statistics/school-pupils-and-their-characteristics/2025-26/explore
Nelson Primary School,145122,3182029,Pupils by curriculum year,2026-01,2025/26,Year 2,25,pupils,https://explore-education-statistics.service.gov.uk/find-statistics/school-pupils-and-their-characteristics/2025-26/explore
Nelson Primary School,145122,3182029,Pupils by curriculum year,2026-01,2025/26,Year 3,42,pupils,https://explore-education-statistics.service.gov.uk/find-statistics/school-pupils-and-their-characteristics/2025-26/explore
Nelson Primary School,145122,3182029,Pupils by curriculum year,2026-01,2025/26,Year 4,29,pupils,https://explore-education-statistics.service.gov.uk/find-statistics/school-pupils-and-their-characteristics/2025-26/explore
Nelson Primary School,145122,3182029,Pupils by curriculum year,2026-01,2025/26,Year 5,30,pupils,https://explore-education-statistics.service.gov.uk/find-statistics/school-pupils-and-their-characteristics/2025-26/explore
Nelson Primary School,145122,3182029,Pupils by curriculum year,2026-01,2025/26,Year 6,44,pupils,https://explore-education-statistics.service.gov.uk/find-statistics/school-pupils-and-their-characteristics/2025-26/explore
Orleans Primary School,102895,3182018,Pupils excluding nursery,2022-05,2021/22,,420,pupils,https://explore-education-statistics.service.gov.uk/data-catalogue/data-set/d99443e1-1258-4894-b705-5bfb51751a37
Orleans Primary School,102895,3182018,Reported capacity excluding nursery,2022-05,2021/22,,420,places,https://explore-education-statistics.service.gov.uk/data-catalogue/data-set/d99443e1-1258-4894-b705-5bfb51751a37
Orleans Primary School,102895,3182018,Pupils excluding nursery,2023-05,2022/23,,416,pupils,https://explore-education-statistics.service.gov.uk/data-catalogue/data-set/d99443e1-1258-4894-b705-5bfb51751a37
Orleans Primary School,102895,3182018,Reported capacity excluding nursery,2023-05,2022/23,,420,places,https://explore-education-statistics.service.gov.uk/data-catalogue/data-set/d99443e1-1258-4894-b705-5bfb51751a37
Orleans Primary School,102895,3182018,Pupils excluding nursery,2024-05,2023/24,,416,pupils,https://explore-education-statistics.service.gov.uk/data-catalogue/data-set/d99443e1-1258-4894-b705-5bfb51751a37
Orleans Primary School,102895,3182018,Reported capacity excluding nursery,2024-05,2023/24,,420,places,https://explore-education-statistics.service.gov.uk/data-catalogue/data-set/d99443e1-1258-4894-b705-5bfb51751a37
Orleans Primary School,102895,3182018,Pupils excluding nursery,2025-05,2024/25,,421,pupils,https://explore-education-statistics.service.gov.uk/data-catalogue/data-set/d99443e1-1258-4894-b705-5bfb51751a37
Orleans Primary School,102895,3182018,Reported capacity excluding nursery,2025-05,2024/25,,420,places,https://explore-education-statistics.service.gov.uk/data-catalogue/data-set/d99443e1-1258-4894-b705-5bfb51751a37
Orleans Primary School,102895,3182018,Pupils by curriculum year,2026-01,2025/26,Reception,45,pupils,https://explore-education-statistics.service.gov.uk/find-statistics/school-pupils-and-their-characteristics/2025-26/explore
Orleans Primary School,102895,3182018,Pupils by curriculum year,2026-01,2025/26,Year 1,59,pupils,https://explore-education-statistics.service.gov.uk/find-statistics/school-pupils-and-their-characteristics/2025-26/explore
Orleans Primary School,102895,3182018,Pupils by curriculum year,2026-01,2025/26,Year 2,60,pupils,https://explore-education-statistics.service.gov.uk/find-statistics/school-pupils-and-their-characteristics/2025-26/explore
Orleans Primary School,102895,3182018,Pupils by curriculum year,2026-01,2025/26,Year 3,59,pupils,https://explore-education-statistics.service.gov.uk/find-statistics/school-pupils-and-their-characteristics/2025-26/explore
Orleans Primary School,102895,3182018,Pupils by curriculum year,2026-01,2025/26,Year 4,59,pupils,https://explore-education-statistics.service.gov.uk/find-statistics/school-pupils-and-their-characteristics/2025-26/explore
Orleans Primary School,102895,3182018,Pupils by curriculum year,2026-01,2025/26,Year 5,60,pupils,https://explore-education-statistics.service.gov.uk/find-statistics/school-pupils-and-their-characteristics/2025-26/explore
Orleans Primary School,102895,3182018,Pupils by curriculum year,2026-01,2025/26,Year 6,61,pupils,https://explore-education-statistics.service.gov.uk/find-statistics/school-pupils-and-their-characteristics/2025-26/explore
Sacred Heart Catholic Primary School,102916,3183320,Pupils excluding nursery,2022-05,2021/22,,172,pupils,https://explore-education-statistics.service.gov.uk/data-catalogue/data-set/d99443e1-1258-4894-b705-5bfb51751a37
Sacred Heart Catholic Primary School,102916,3183320,Reported capacity excluding nursery,2022-05,2021/22,,240,places,https://explore-education-statistics.service.gov.uk/data-catalogue/data-set/d99443e1-1258-4894-b705-5bfb51751a37
Sacred Heart Catholic Primary School,102916,3183320,Pupils excluding nursery,2023-05,2022/23,,173,pupils,https://explore-education-statistics.service.gov.uk/data-catalogue/data-set/d99443e1-1258-4894-b705-5bfb51751a37
Sacred Heart Catholic Primary School,102916,3183320,Reported capacity excluding nursery,2023-05,2022/23,,240,places,https://explore-education-statistics.service.gov.uk/data-catalogue/data-set/d99443e1-1258-4894-b705-5bfb51751a37
Sacred Heart Catholic Primary School,102916,3183320,Pupils excluding nursery,2024-05,2023/24,,163,pupils,https://explore-education-statistics.service.gov.uk/data-catalogue/data-set/d99443e1-1258-4894-b705-5bfb51751a37
Sacred Heart Catholic Primary School,102916,3183320,Reported capacity excluding nursery,2024-05,2023/24,,240,places,https://explore-education-statistics.service.gov.uk/data-catalogue/data-set/d99443e1-1258-4894-b705-5bfb51751a37
Sacred Heart Catholic Primary School,102916,3183320,Pupils excluding nursery,2025-05,2024/25,,149,pupils,https://explore-education-statistics.service.gov.uk/data-catalogue/data-set/d99443e1-1258-4894-b705-5bfb51751a37
Sacred Heart Catholic Primary School,102916,3183320,Reported capacity excluding nursery,2025-05,2024/25,,240,places,https://explore-education-statistics.service.gov.uk/data-catalogue/data-set/d99443e1-1258-4894-b705-5bfb51751a37
Sacred Heart Catholic Primary School,102916,3183320,Pupils by curriculum year,2026-01,2025/26,Reception,22,pupils,https://explore-education-statistics.service.gov.uk/find-statistics/school-pupils-and-their-characteristics/2025-26/explore
Sacred Heart Catholic Primary School,102916,3183320,Pupils by curriculum year,2026-01,2025/26,Year 1,19,pupils,https://explore-education-statistics.service.gov.uk/find-statistics/school-pupils-and-their-characteristics/2025-26/explore
Sacred Heart Catholic Primary School,102916,3183320,Pupils by curriculum year,2026-01,2025/26,Year 2,16,pupils,https://explore-education-statistics.service.gov.uk/find-statistics/school-pupils-and-their-characteristics/2025-26/explore
Sacred Heart Catholic Primary School,102916,3183320,Pupils by curriculum year,2026-01,2025/26,Year 3,15,pupils,https://explore-education-statistics.service.gov.uk/find-statistics/school-pupils-and-their-characteristics/2025-26/explore
Sacred Heart Catholic Primary School,102916,3183320,Pupils by curriculum year,2026-01,2025/26,Year 4,20,pupils,https://explore-education-statistics.service.gov.uk/find-statistics/school-pupils-and-their-characteristics/2025-26/explore
Sacred Heart Catholic Primary School,102916,3183320,Pupils by curriculum year,2026-01,2025/26,Year 5,28,pupils,https://explore-education-statistics.service.gov.uk/find-statistics/school-pupils-and-their-characteristics/2025-26/explore
Sacred Heart Catholic Primary School,102916,3183320,Pupils by curriculum year,2026-01,2025/26,Year 6,26,pupils,https://explore-education-statistics.service.gov.uk/find-statistics/school-pupils-and-their-characteristics/2025-26/explore
Sheen Mount Primary School,102897,3182020,Pupils excluding nursery,2022-05,2021/22,,586,pupils,https://explore-education-statistics.service.gov.uk/data-catalogue/data-set/d99443e1-1258-4894-b705-5bfb51751a37
Sheen Mount Primary School,102897,3182020,Reported capacity excluding nursery,2022-05,2021/22,,630,places,https://explore-education-statistics.service.gov.uk/data-catalogue/data-set/d99443e1-1258-4894-b705-5bfb51751a37
Sheen Mount Primary School,102897,3182020,Pupils excluding nursery,2023-05,2022/23,,588,pupils,https://explore-education-statistics.service.gov.uk/data-catalogue/data-set/d99443e1-1258-4894-b705-5bfb51751a37
Sheen Mount Primary School,102897,3182020,Reported capacity excluding nursery,2023-05,2022/23,,630,places,https://explore-education-statistics.service.gov.uk/data-catalogue/data-set/d99443e1-1258-4894-b705-5bfb51751a37
Sheen Mount Primary School,102897,3182020,Pupils excluding nursery,2024-05,2023/24,,572,pupils,https://explore-education-statistics.service.gov.uk/data-catalogue/data-set/d99443e1-1258-4894-b705-5bfb51751a37
Sheen Mount Primary School,102897,3182020,Reported capacity excluding nursery,2024-05,2023/24,,630,places,https://explore-education-statistics.service.gov.uk/data-catalogue/data-set/d99443e1-1258-4894-b705-5bfb51751a37
Sheen Mount Primary School,102897,3182020,Pupils excluding nursery,2025-05,2024/25,,593,pupils,https://explore-education-statistics.service.gov.uk/data-catalogue/data-set/d99443e1-1258-4894-b705-5bfb51751a37
Sheen Mount Primary School,102897,3182020,Reported capacity excluding nursery,2025-05,2024/25,,630,places,https://explore-education-statistics.service.gov.uk/data-catalogue/data-set/d99443e1-1258-4894-b705-5bfb51751a37
Sheen Mount Primary School,102897,3182020,Pupils by curriculum year,2026-01,2025/26,Reception,90,pupils,https://explore-education-statistics.service.gov.uk/find-statistics/school-pupils-and-their-characteristics/2025-26/explore
Sheen Mount Primary School,102897,3182020,Pupils by curriculum year,2026-01,2025/26,Year 1,90,pupils,https://explore-education-statistics.service.gov.uk/find-statistics/school-pupils-and-their-characteristics/2025-26/explore
Sheen Mount Primary School,102897,3182020,Pupils by curriculum year,2026-01,2025/26,Year 2,88,pupils,https://explore-education-statistics.service.gov.uk/find-statistics/school-pupils-and-their-characteristics/2025-26/explore
Sheen Mount Primary School,102897,3182020,Pupils by curriculum year,2026-01,2025/26,Year 3,83,pupils,https://explore-education-statistics.service.gov.uk/find-statistics/school-pupils-and-their-characteristics/2025-26/explore
Sheen Mount Primary School,102897,3182020,Pupils by curriculum year,2026-01,2025/26,Year 4,83,pupils,https://explore-education-statistics.service.gov.uk/find-statistics/school-pupils-and-their-characteristics/2025-26/explore
Sheen Mount Primary School,102897,3182020,Pupils by curriculum year,2026-01,2025/26,Year 5,82,pupils,https://explore-education-statistics.service.gov.uk/find-statistics/school-pupils-and-their-characteristics/2025-26/explore
Sheen Mount Primary School,102897,3182020,Pupils by curriculum year,2026-01,2025/26,Year 6,82,pupils,https://explore-education-statistics.service.gov.uk/find-statistics/school-pupils-and-their-characteristics/2025-26/explore
St Edmund's Catholic Primary School,102912,3183315,Pupils excluding nursery,2022-05,2021/22,,416,pupils,https://explore-education-statistics.service.gov.uk/data-catalogue/data-set/d99443e1-1258-4894-b705-5bfb51751a37
St Edmund's Catholic Primary School,102912,3183315,Reported capacity excluding nursery,2022-05,2021/22,,420,places,https://explore-education-statistics.service.gov.uk/data-catalogue/data-set/d99443e1-1258-4894-b705-5bfb51751a37
St Edmund's Catholic Primary School,102912,3183315,Pupils excluding nursery,2023-05,2022/23,,414,pupils,https://explore-education-statistics.service.gov.uk/data-catalogue/data-set/d99443e1-1258-4894-b705-5bfb51751a37
St Edmund's Catholic Primary School,102912,3183315,Reported capacity excluding nursery,2023-05,2022/23,,420,places,https://explore-education-statistics.service.gov.uk/data-catalogue/data-set/d99443e1-1258-4894-b705-5bfb51751a37
St Edmund's Catholic Primary School,102912,3183315,Pupils excluding nursery,2024-05,2023/24,,412,pupils,https://explore-education-statistics.service.gov.uk/data-catalogue/data-set/d99443e1-1258-4894-b705-5bfb51751a37
St Edmund's Catholic Primary School,102912,3183315,Reported capacity excluding nursery,2024-05,2023/24,,420,places,https://explore-education-statistics.service.gov.uk/data-catalogue/data-set/d99443e1-1258-4894-b705-5bfb51751a37
St Edmund's Catholic Primary School,102912,3183315,Pupils excluding nursery,2025-05,2024/25,,415,pupils,https://explore-education-statistics.service.gov.uk/data-catalogue/data-set/d99443e1-1258-4894-b705-5bfb51751a37
St Edmund's Catholic Primary School,102912,3183315,Reported capacity excluding nursery,2025-05,2024/25,,420,places,https://explore-education-statistics.service.gov.uk/data-catalogue/data-set/d99443e1-1258-4894-b705-5bfb51751a37
St Edmund's Catholic Primary School,102912,3183315,Pupils by curriculum year,2026-01,2025/26,Reception,50,pupils,https://explore-education-statistics.service.gov.uk/find-statistics/school-pupils-and-their-characteristics/2025-26/explore
St Edmund's Catholic Primary School,102912,3183315,Pupils by curriculum year,2026-01,2025/26,Year 1,60,pupils,https://explore-education-statistics.service.gov.uk/find-statistics/school-pupils-and-their-characteristics/2025-26/explore
St Edmund's Catholic Primary School,102912,3183315,Pupils by curriculum year,2026-01,2025/26,Year 2,59,pupils,https://explore-education-statistics.service.gov.uk/find-statistics/school-pupils-and-their-characteristics/2025-26/explore
St Edmund's Catholic Primary School,102912,3183315,Pupils by curriculum year,2026-01,2025/26,Year 3,60,pupils,https://explore-education-statistics.service.gov.uk/find-statistics/school-pupils-and-their-characteristics/2025-26/explore
St Edmund's Catholic Primary School,102912,3183315,Pupils by curriculum year,2026-01,2025/26,Year 4,60,pupils,https://explore-education-statistics.service.gov.uk/find-statistics/school-pupils-and-their-characteristics/2025-26/explore
St Edmund's Catholic Primary School,102912,3183315,Pupils by curriculum year,2026-01,2025/26,Year 5,60,pupils,https://explore-education-statistics.service.gov.uk/find-statistics/school-pupils-and-their-characteristics/2025-26/explore
St Edmund's Catholic Primary School,102912,3183315,Pupils by curriculum year,2026-01,2025/26,Year 6,59,pupils,https://explore-education-statistics.service.gov.uk/find-statistics/school-pupils-and-their-characteristics/2025-26/explore
St Elizabeth's Catholic Primary School,149925,3183310,Pupils excluding nursery,2022-05,2021/22,,253,pupils,https://explore-education-statistics.service.gov.uk/data-catalogue/data-set/d99443e1-1258-4894-b705-5bfb51751a37
St Elizabeth's Catholic Primary School,149925,3183310,Reported capacity excluding nursery,2022-05,2021/22,,308,places,https://explore-education-statistics.service.gov.uk/data-catalogue/data-set/d99443e1-1258-4894-b705-5bfb51751a37
St Elizabeth's Catholic Primary School,149925,3183310,Pupils excluding nursery,2023-05,2022/23,,236,pupils,https://explore-education-statistics.service.gov.uk/data-catalogue/data-set/d99443e1-1258-4894-b705-5bfb51751a37
St Elizabeth's Catholic Primary School,149925,3183310,Reported capacity excluding nursery,2023-05,2022/23,,308,places,https://explore-education-statistics.service.gov.uk/data-catalogue/data-set/d99443e1-1258-4894-b705-5bfb51751a37
St Elizabeth's Catholic Primary School,149925,3183310,Pupils excluding nursery,2024-05,2023/24,,212,pupils,https://explore-education-statistics.service.gov.uk/data-catalogue/data-set/d99443e1-1258-4894-b705-5bfb51751a37
St Elizabeth's Catholic Primary School,149925,3183310,Reported capacity excluding nursery,2024-05,2023/24,,308,places,https://explore-education-statistics.service.gov.uk/data-catalogue/data-set/d99443e1-1258-4894-b705-5bfb51751a37
St Elizabeth's Catholic Primary School,149925,3183310,Pupils excluding nursery,2025-05,2024/25,,212,pupils,https://explore-education-statistics.service.gov.uk/data-catalogue/data-set/d99443e1-1258-4894-b705-5bfb51751a37
St Elizabeth's Catholic Primary School,149925,3183310,Reported capacity excluding nursery,2025-05,2024/25,,308,places,https://explore-education-statistics.service.gov.uk/data-catalogue/data-set/d99443e1-1258-4894-b705-5bfb51751a37
St Elizabeth's Catholic Primary School,149925,3183310,Pupils by curriculum year,2026-01,2025/26,Reception,31,pupils,https://explore-education-statistics.service.gov.uk/find-statistics/school-pupils-and-their-characteristics/2025-26/explore
St Elizabeth's Catholic Primary School,149925,3183310,Pupils by curriculum year,2026-01,2025/26,Year 1,30,pupils,https://explore-education-statistics.service.gov.uk/find-statistics/school-pupils-and-their-characteristics/2025-26/explore
St Elizabeth's Catholic Primary School,149925,3183310,Pupils by curriculum year,2026-01,2025/26,Year 2,29,pupils,https://explore-education-statistics.service.gov.uk/find-statistics/school-pupils-and-their-characteristics/2025-26/explore
St Elizabeth's Catholic Primary School,149925,3183310,Pupils by curriculum year,2026-01,2025/26,Year 3,30,pupils,https://explore-education-statistics.service.gov.uk/find-statistics/school-pupils-and-their-characteristics/2025-26/explore
St Elizabeth's Catholic Primary School,149925,3183310,Pupils by curriculum year,2026-01,2025/26,Year 4,32,pupils,https://explore-education-statistics.service.gov.uk/find-statistics/school-pupils-and-their-characteristics/2025-26/explore
St Elizabeth's Catholic Primary School,149925,3183310,Pupils by curriculum year,2026-01,2025/26,Year 5,29,pupils,https://explore-education-statistics.service.gov.uk/find-statistics/school-pupils-and-their-characteristics/2025-26/explore
St Elizabeth's Catholic Primary School,149925,3183310,Pupils by curriculum year,2026-01,2025/26,Year 6,31,pupils,https://explore-education-statistics.service.gov.uk/find-statistics/school-pupils-and-their-characteristics/2025-26/explore
St James's Catholic Primary School,102913,3183316,Pupils excluding nursery,2022-05,2021/22,,614,pupils,https://explore-education-statistics.service.gov.uk/data-catalogue/data-set/d99443e1-1258-4894-b705-5bfb51751a37
St James's Catholic Primary School,102913,3183316,Reported capacity excluding nursery,2022-05,2021/22,,630,places,https://explore-education-statistics.service.gov.uk/data-catalogue/data-set/d99443e1-1258-4894-b705-5bfb51751a37
St James's Catholic Primary School,102913,3183316,Pupils excluding nursery,2023-05,2022/23,,634,pupils,https://explore-education-statistics.service.gov.uk/data-catalogue/data-set/d99443e1-1258-4894-b705-5bfb51751a37
St James's Catholic Primary School,102913,3183316,Reported capacity excluding nursery,2023-05,2022/23,,630,places,https://explore-education-statistics.service.gov.uk/data-catalogue/data-set/d99443e1-1258-4894-b705-5bfb51751a37
St James's Catholic Primary School,102913,3183316,Pupils excluding nursery,2024-05,2023/24,,627,pupils,https://explore-education-statistics.service.gov.uk/data-catalogue/data-set/d99443e1-1258-4894-b705-5bfb51751a37
St James's Catholic Primary School,102913,3183316,Reported capacity excluding nursery,2024-05,2023/24,,630,places,https://explore-education-statistics.service.gov.uk/data-catalogue/data-set/d99443e1-1258-4894-b705-5bfb51751a37
St James's Catholic Primary School,102913,3183316,Pupils excluding nursery,2025-05,2024/25,,619,pupils,https://explore-education-statistics.service.gov.uk/data-catalogue/data-set/d99443e1-1258-4894-b705-5bfb51751a37
St James's Catholic Primary School,102913,3183316,Reported capacity excluding nursery,2025-05,2024/25,,630,places,https://explore-education-statistics.service.gov.uk/data-catalogue/data-set/d99443e1-1258-4894-b705-5bfb51751a37
St James's Catholic Primary School,102913,3183316,Pupils by curriculum year,2026-01,2025/26,Reception,89,pupils,https://explore-education-statistics.service.gov.uk/find-statistics/school-pupils-and-their-characteristics/2025-26/explore
St James's Catholic Primary School,102913,3183316,Pupils by curriculum year,2026-01,2025/26,Year 1,76,pupils,https://explore-education-statistics.service.gov.uk/find-statistics/school-pupils-and-their-characteristics/2025-26/explore
St James's Catholic Primary School,102913,3183316,Pupils by curriculum year,2026-01,2025/26,Year 2,89,pupils,https://explore-education-statistics.service.gov.uk/find-statistics/school-pupils-and-their-characteristics/2025-26/explore
St James's Catholic Primary School,102913,3183316,Pupils by curriculum year,2026-01,2025/26,Year 3,89,pupils,https://explore-education-statistics.service.gov.uk/find-statistics/school-pupils-and-their-characteristics/2025-26/explore
St James's Catholic Primary School,102913,3183316,Pupils by curriculum year,2026-01,2025/26,Year 4,92,pupils,https://explore-education-statistics.service.gov.uk/find-statistics/school-pupils-and-their-characteristics/2025-26/explore
St James's Catholic Primary School,102913,3183316,Pupils by curriculum year,2026-01,2025/26,Year 5,90,pupils,https://explore-education-statistics.service.gov.uk/find-statistics/school-pupils-and-their-characteristics/2025-26/explore
St James's Catholic Primary School,102913,3183316,Pupils by curriculum year,2026-01,2025/26,Year 6,94,pupils,https://explore-education-statistics.service.gov.uk/find-statistics/school-pupils-and-their-characteristics/2025-26/explore
St John the Baptist Church of England Junior School,102911,3183312,Pupils excluding nursery,2022-05,2021/22,,226,pupils,https://explore-education-statistics.service.gov.uk/data-catalogue/data-set/d99443e1-1258-4894-b705-5bfb51751a37
St John the Baptist Church of England Junior School,102911,3183312,Reported capacity excluding nursery,2022-05,2021/22,,360,places,https://explore-education-statistics.service.gov.uk/data-catalogue/data-set/d99443e1-1258-4894-b705-5bfb51751a37
St John the Baptist Church of England Junior School,102911,3183312,Pupils excluding nursery,2023-05,2022/23,,231,pupils,https://explore-education-statistics.service.gov.uk/data-catalogue/data-set/d99443e1-1258-4894-b705-5bfb51751a37
St John the Baptist Church of England Junior School,102911,3183312,Reported capacity excluding nursery,2023-05,2022/23,,360,places,https://explore-education-statistics.service.gov.uk/data-catalogue/data-set/d99443e1-1258-4894-b705-5bfb51751a37
St John the Baptist Church of England Junior School,102911,3183312,Pupils excluding nursery,2024-05,2023/24,,219,pupils,https://explore-education-statistics.service.gov.uk/data-catalogue/data-set/d99443e1-1258-4894-b705-5bfb51751a37
St John the Baptist Church of England Junior School,102911,3183312,Reported capacity excluding nursery,2024-05,2023/24,,360,places,https://explore-education-statistics.service.gov.uk/data-catalogue/data-set/d99443e1-1258-4894-b705-5bfb51751a37
St John the Baptist Church of England Junior School,102911,3183312,Pupils excluding nursery,2025-05,2024/25,,228,pupils,https://explore-education-statistics.service.gov.uk/data-catalogue/data-set/d99443e1-1258-4894-b705-5bfb51751a37
St John the Baptist Church of England Junior School,102911,3183312,Reported capacity excluding nursery,2025-05,2024/25,,360,places,https://explore-education-statistics.service.gov.uk/data-catalogue/data-set/d99443e1-1258-4894-b705-5bfb51751a37
St John the Baptist Church of England Junior School,102911,3183312,Pupils by curriculum year,2026-01,2025/26,Reception,0,pupils,https://explore-education-statistics.service.gov.uk/find-statistics/school-pupils-and-their-characteristics/2025-26/explore
St John the Baptist Church of England Junior School,102911,3183312,Pupils by curriculum year,2026-01,2025/26,Year 1,0,pupils,https://explore-education-statistics.service.gov.uk/find-statistics/school-pupils-and-their-characteristics/2025-26/explore
St John the Baptist Church of England Junior School,102911,3183312,Pupils by curriculum year,2026-01,2025/26,Year 2,0,pupils,https://explore-education-statistics.service.gov.uk/find-statistics/school-pupils-and-their-characteristics/2025-26/explore
St John the Baptist Church of England Junior School,102911,3183312,Pupils by curriculum year,2026-01,2025/26,Year 3,47,pupils,https://explore-education-statistics.service.gov.uk/find-statistics/school-pupils-and-their-characteristics/2025-26/explore
St John the Baptist Church of England Junior School,102911,3183312,Pupils by curriculum year,2026-01,2025/26,Year 4,55,pupils,https://explore-education-statistics.service.gov.uk/find-statistics/school-pupils-and-their-characteristics/2025-26/explore
St John the Baptist Church of England Junior School,102911,3183312,Pupils by curriculum year,2026-01,2025/26,Year 5,54,pupils,https://explore-education-statistics.service.gov.uk/find-statistics/school-pupils-and-their-characteristics/2025-26/explore
St John the Baptist Church of England Junior School,102911,3183312,Pupils by curriculum year,2026-01,2025/26,Year 6,56,pupils,https://explore-education-statistics.service.gov.uk/find-statistics/school-pupils-and-their-characteristics/2025-26/explore
St Mary Magdalen's Catholic Primary School,102909,3183309,Pupils excluding nursery,2022-05,2021/22,,210,pupils,https://explore-education-statistics.service.gov.uk/data-catalogue/data-set/d99443e1-1258-4894-b705-5bfb51751a37
St Mary Magdalen's Catholic Primary School,102909,3183309,Reported capacity excluding nursery,2022-05,2021/22,,262,places,https://explore-education-statistics.service.gov.uk/data-catalogue/data-set/d99443e1-1258-4894-b705-5bfb51751a37
St Mary Magdalen's Catholic Primary School,102909,3183309,Pupils excluding nursery,2023-05,2022/23,,203,pupils,https://explore-education-statistics.service.gov.uk/data-catalogue/data-set/d99443e1-1258-4894-b705-5bfb51751a37
St Mary Magdalen's Catholic Primary School,102909,3183309,Reported capacity excluding nursery,2023-05,2022/23,,262,places,https://explore-education-statistics.service.gov.uk/data-catalogue/data-set/d99443e1-1258-4894-b705-5bfb51751a37
St Mary Magdalen's Catholic Primary School,102909,3183309,Pupils excluding nursery,2024-05,2023/24,,183,pupils,https://explore-education-statistics.service.gov.uk/data-catalogue/data-set/d99443e1-1258-4894-b705-5bfb51751a37
St Mary Magdalen's Catholic Primary School,102909,3183309,Reported capacity excluding nursery,2024-05,2023/24,,262,places,https://explore-education-statistics.service.gov.uk/data-catalogue/data-set/d99443e1-1258-4894-b705-5bfb51751a37
St Mary Magdalen's Catholic Primary School,102909,3183309,Pupils excluding nursery,2025-05,2024/25,,162,pupils,https://explore-education-statistics.service.gov.uk/data-catalogue/data-set/d99443e1-1258-4894-b705-5bfb51751a37
St Mary Magdalen's Catholic Primary School,102909,3183309,Reported capacity excluding nursery,2025-05,2024/25,,262,places,https://explore-education-statistics.service.gov.uk/data-catalogue/data-set/d99443e1-1258-4894-b705-5bfb51751a37
St Mary Magdalen's Catholic Primary School,102909,3183309,Pupils by curriculum year,2026-01,2025/26,Reception,24,pupils,https://explore-education-statistics.service.gov.uk/find-statistics/school-pupils-and-their-characteristics/2025-26/explore
St Mary Magdalen's Catholic Primary School,102909,3183309,Pupils by curriculum year,2026-01,2025/26,Year 1,24,pupils,https://explore-education-statistics.service.gov.uk/find-statistics/school-pupils-and-their-characteristics/2025-26/explore
St Mary Magdalen's Catholic Primary School,102909,3183309,Pupils by curriculum year,2026-01,2025/26,Year 2,20,pupils,https://explore-education-statistics.service.gov.uk/find-statistics/school-pupils-and-their-characteristics/2025-26/explore
St Mary Magdalen's Catholic Primary School,102909,3183309,Pupils by curriculum year,2026-01,2025/26,Year 3,22,pupils,https://explore-education-statistics.service.gov.uk/find-statistics/school-pupils-and-their-characteristics/2025-26/explore
St Mary Magdalen's Catholic Primary School,102909,3183309,Pupils by curriculum year,2026-01,2025/26,Year 4,24,pupils,https://explore-education-statistics.service.gov.uk/find-statistics/school-pupils-and-their-characteristics/2025-26/explore
St Mary Magdalen's Catholic Primary School,102909,3183309,Pupils by curriculum year,2026-01,2025/26,Year 5,18,pupils,https://explore-education-statistics.service.gov.uk/find-statistics/school-pupils-and-their-characteristics/2025-26/explore
St Mary Magdalen's Catholic Primary School,102909,3183309,Pupils by curriculum year,2026-01,2025/26,Year 6,20,pupils,https://explore-education-statistics.service.gov.uk/find-statistics/school-pupils-and-their-characteristics/2025-26/explore
St Mary's Church of England Primary School,102914,3183317,Pupils excluding nursery,2022-05,2021/22,,626,pupils,https://explore-education-statistics.service.gov.uk/data-catalogue/data-set/d99443e1-1258-4894-b705-5bfb51751a37
St Mary's Church of England Primary School,102914,3183317,Reported capacity excluding nursery,2022-05,2021/22,,630,places,https://explore-education-statistics.service.gov.uk/data-catalogue/data-set/d99443e1-1258-4894-b705-5bfb51751a37
St Mary's Church of England Primary School,102914,3183317,Pupils excluding nursery,2023-05,2022/23,,622,pupils,https://explore-education-statistics.service.gov.uk/data-catalogue/data-set/d99443e1-1258-4894-b705-5bfb51751a37
St Mary's Church of England Primary School,102914,3183317,Reported capacity excluding nursery,2023-05,2022/23,,630,places,https://explore-education-statistics.service.gov.uk/data-catalogue/data-set/d99443e1-1258-4894-b705-5bfb51751a37
St Mary's Church of England Primary School,102914,3183317,Pupils excluding nursery,2024-05,2023/24,,621,pupils,https://explore-education-statistics.service.gov.uk/data-catalogue/data-set/d99443e1-1258-4894-b705-5bfb51751a37
St Mary's Church of England Primary School,102914,3183317,Reported capacity excluding nursery,2024-05,2023/24,,630,places,https://explore-education-statistics.service.gov.uk/data-catalogue/data-set/d99443e1-1258-4894-b705-5bfb51751a37
St Mary's Church of England Primary School,102914,3183317,Pupils excluding nursery,2025-05,2024/25,,611,pupils,https://explore-education-statistics.service.gov.uk/data-catalogue/data-set/d99443e1-1258-4894-b705-5bfb51751a37
St Mary's Church of England Primary School,102914,3183317,Reported capacity excluding nursery,2025-05,2024/25,,630,places,https://explore-education-statistics.service.gov.uk/data-catalogue/data-set/d99443e1-1258-4894-b705-5bfb51751a37
St Mary's Church of England Primary School,102914,3183317,Pupils by curriculum year,2026-01,2025/26,Reception,90,pupils,https://explore-education-statistics.service.gov.uk/find-statistics/school-pupils-and-their-characteristics/2025-26/explore
St Mary's Church of England Primary School,102914,3183317,Pupils by curriculum year,2026-01,2025/26,Year 1,86,pupils,https://explore-education-statistics.service.gov.uk/find-statistics/school-pupils-and-their-characteristics/2025-26/explore
St Mary's Church of England Primary School,102914,3183317,Pupils by curriculum year,2026-01,2025/26,Year 2,90,pupils,https://explore-education-statistics.service.gov.uk/find-statistics/school-pupils-and-their-characteristics/2025-26/explore
St Mary's Church of England Primary School,102914,3183317,Pupils by curriculum year,2026-01,2025/26,Year 3,82,pupils,https://explore-education-statistics.service.gov.uk/find-statistics/school-pupils-and-their-characteristics/2025-26/explore
St Mary's Church of England Primary School,102914,3183317,Pupils by curriculum year,2026-01,2025/26,Year 4,90,pupils,https://explore-education-statistics.service.gov.uk/find-statistics/school-pupils-and-their-characteristics/2025-26/explore
St Mary's Church of England Primary School,102914,3183317,Pupils by curriculum year,2026-01,2025/26,Year 5,91,pupils,https://explore-education-statistics.service.gov.uk/find-statistics/school-pupils-and-their-characteristics/2025-26/explore
St Mary's Church of England Primary School,102914,3183317,Pupils by curriculum year,2026-01,2025/26,Year 6,90,pupils,https://explore-education-statistics.service.gov.uk/find-statistics/school-pupils-and-their-characteristics/2025-26/explore
St Mary's Hampton Church of England Primary,139421,3182003,Pupils excluding nursery,2022-05,2021/22,,190,pupils,https://explore-education-statistics.service.gov.uk/data-catalogue/data-set/d99443e1-1258-4894-b705-5bfb51751a37
St Mary's Hampton Church of England Primary,139421,3182003,Reported capacity excluding nursery,2022-05,2021/22,,210,places,https://explore-education-statistics.service.gov.uk/data-catalogue/data-set/d99443e1-1258-4894-b705-5bfb51751a37
St Mary's Hampton Church of England Primary,139421,3182003,Pupils excluding nursery,2023-05,2022/23,,192,pupils,https://explore-education-statistics.service.gov.uk/data-catalogue/data-set/d99443e1-1258-4894-b705-5bfb51751a37
St Mary's Hampton Church of England Primary,139421,3182003,Reported capacity excluding nursery,2023-05,2022/23,,210,places,https://explore-education-statistics.service.gov.uk/data-catalogue/data-set/d99443e1-1258-4894-b705-5bfb51751a37
St Mary's Hampton Church of England Primary,139421,3182003,Pupils excluding nursery,2024-05,2023/24,,172,pupils,https://explore-education-statistics.service.gov.uk/data-catalogue/data-set/d99443e1-1258-4894-b705-5bfb51751a37
St Mary's Hampton Church of England Primary,139421,3182003,Reported capacity excluding nursery,2024-05,2023/24,,210,places,https://explore-education-statistics.service.gov.uk/data-catalogue/data-set/d99443e1-1258-4894-b705-5bfb51751a37
St Mary's Hampton Church of England Primary,139421,3182003,Pupils excluding nursery,2025-05,2024/25,,170,pupils,https://explore-education-statistics.service.gov.uk/data-catalogue/data-set/d99443e1-1258-4894-b705-5bfb51751a37
St Mary's Hampton Church of England Primary,139421,3182003,Reported capacity excluding nursery,2025-05,2024/25,,210,places,https://explore-education-statistics.service.gov.uk/data-catalogue/data-set/d99443e1-1258-4894-b705-5bfb51751a37
St Mary's Hampton Church of England Primary,139421,3182003,Pupils by curriculum year,2026-01,2025/26,Reception,21,pupils,https://explore-education-statistics.service.gov.uk/find-statistics/school-pupils-and-their-characteristics/2025-26/explore
St Mary's Hampton Church of England Primary,139421,3182003,Pupils by curriculum year,2026-01,2025/26,Year 1,16,pupils,https://explore-education-statistics.service.gov.uk/find-statistics/school-pupils-and-their-characteristics/2025-26/explore
St Mary's Hampton Church of England Primary,139421,3182003,Pupils by curriculum year,2026-01,2025/26,Year 2,22,pupils,https://explore-education-statistics.service.gov.uk/find-statistics/school-pupils-and-their-characteristics/2025-26/explore
St Mary's Hampton Church of England Primary,139421,3182003,Pupils by curriculum year,2026-01,2025/26,Year 3,31,pupils,https://explore-education-statistics.service.gov.uk/find-statistics/school-pupils-and-their-characteristics/2025-26/explore
St Mary's Hampton Church of England Primary,139421,3182003,Pupils by curriculum year,2026-01,2025/26,Year 4,23,pupils,https://explore-education-statistics.service.gov.uk/find-statistics/school-pupils-and-their-characteristics/2025-26/explore
St Mary's Hampton Church of England Primary,139421,3182003,Pupils by curriculum year,2026-01,2025/26,Year 5,31,pupils,https://explore-education-statistics.service.gov.uk/find-statistics/school-pupils-and-their-characteristics/2025-26/explore
St Mary's Hampton Church of England Primary,139421,3182003,Pupils by curriculum year,2026-01,2025/26,Year 6,17,pupils,https://explore-education-statistics.service.gov.uk/find-statistics/school-pupils-and-their-characteristics/2025-26/explore
St Mary's and St Peter's Church of England Primary School,102917,3183321,Pupils excluding nursery,2022-05,2021/22,,621,pupils,https://explore-education-statistics.service.gov.uk/data-catalogue/data-set/d99443e1-1258-4894-b705-5bfb51751a37
St Mary's and St Peter's Church of England Primary School,102917,3183321,Reported capacity excluding nursery,2022-05,2021/22,,630,places,https://explore-education-statistics.service.gov.uk/data-catalogue/data-set/d99443e1-1258-4894-b705-5bfb51751a37
St Mary's and St Peter's Church of England Primary School,102917,3183321,Pupils excluding nursery,2023-05,2022/23,,616,pupils,https://explore-education-statistics.service.gov.uk/data-catalogue/data-set/d99443e1-1258-4894-b705-5bfb51751a37
St Mary's and St Peter's Church of England Primary School,102917,3183321,Reported capacity excluding nursery,2023-05,2022/23,,630,places,https://explore-education-statistics.service.gov.uk/data-catalogue/data-set/d99443e1-1258-4894-b705-5bfb51751a37
St Mary's and St Peter's Church of England Primary School,102917,3183321,Pupils excluding nursery,2024-05,2023/24,,625,pupils,https://explore-education-statistics.service.gov.uk/data-catalogue/data-set/d99443e1-1258-4894-b705-5bfb51751a37
St Mary's and St Peter's Church of England Primary School,102917,3183321,Reported capacity excluding nursery,2024-05,2023/24,,630,places,https://explore-education-statistics.service.gov.uk/data-catalogue/data-set/d99443e1-1258-4894-b705-5bfb51751a37
St Mary's and St Peter's Church of England Primary School,102917,3183321,Pupils excluding nursery,2025-05,2024/25,,620,pupils,https://explore-education-statistics.service.gov.uk/data-catalogue/data-set/d99443e1-1258-4894-b705-5bfb51751a37
St Mary's and St Peter's Church of England Primary School,102917,3183321,Reported capacity excluding nursery,2025-05,2024/25,,630,places,https://explore-education-statistics.service.gov.uk/data-catalogue/data-set/d99443e1-1258-4894-b705-5bfb51751a37
St Mary's and St Peter's Church of England Primary School,102917,3183321,Pupils by curriculum year,2026-01,2025/26,Reception,88,pupils,https://explore-education-statistics.service.gov.uk/find-statistics/school-pupils-and-their-characteristics/2025-26/explore
St Mary's and St Peter's Church of England Primary School,102917,3183321,Pupils by curriculum year,2026-01,2025/26,Year 1,88,pupils,https://explore-education-statistics.service.gov.uk/find-statistics/school-pupils-and-their-characteristics/2025-26/explore
St Mary's and St Peter's Church of England Primary School,102917,3183321,Pupils by curriculum year,2026-01,2025/26,Year 2,90,pupils,https://explore-education-statistics.service.gov.uk/find-statistics/school-pupils-and-their-characteristics/2025-26/explore
St Mary's and St Peter's Church of England Primary School,102917,3183321,Pupils by curriculum year,2026-01,2025/26,Year 3,86,pupils,https://explore-education-statistics.service.gov.uk/find-statistics/school-pupils-and-their-characteristics/2025-26/explore
St Mary's and St Peter's Church of England Primary School,102917,3183321,Pupils by curriculum year,2026-01,2025/26,Year 4,90,pupils,https://explore-education-statistics.service.gov.uk/find-statistics/school-pupils-and-their-characteristics/2025-26/explore
St Mary's and St Peter's Church of England Primary School,102917,3183321,Pupils by curriculum year,2026-01,2025/26,Year 5,89,pupils,https://explore-education-statistics.service.gov.uk/find-statistics/school-pupils-and-their-characteristics/2025-26/explore
St Mary's and St Peter's Church of England Primary School,102917,3183321,Pupils by curriculum year,2026-01,2025/26,Year 6,90,pupils,https://explore-education-statistics.service.gov.uk/find-statistics/school-pupils-and-their-characteristics/2025-26/explore
St Osmund's Catholic Primary School,149926,3183324,Pupils excluding nursery,2022-05,2021/22,,161,pupils,https://explore-education-statistics.service.gov.uk/data-catalogue/data-set/d99443e1-1258-4894-b705-5bfb51751a37
St Osmund's Catholic Primary School,149926,3183324,Reported capacity excluding nursery,2022-05,2021/22,,262,places,https://explore-education-statistics.service.gov.uk/data-catalogue/data-set/d99443e1-1258-4894-b705-5bfb51751a37
St Osmund's Catholic Primary School,149926,3183324,Pupils excluding nursery,2023-05,2022/23,,154,pupils,https://explore-education-statistics.service.gov.uk/data-catalogue/data-set/d99443e1-1258-4894-b705-5bfb51751a37
St Osmund's Catholic Primary School,149926,3183324,Reported capacity excluding nursery,2023-05,2022/23,,262,places,https://explore-education-statistics.service.gov.uk/data-catalogue/data-set/d99443e1-1258-4894-b705-5bfb51751a37
St Osmund's Catholic Primary School,149926,3183324,Pupils excluding nursery,2024-05,2023/24,,151,pupils,https://explore-education-statistics.service.gov.uk/data-catalogue/data-set/d99443e1-1258-4894-b705-5bfb51751a37
St Osmund's Catholic Primary School,149926,3183324,Reported capacity excluding nursery,2024-05,2023/24,,262,places,https://explore-education-statistics.service.gov.uk/data-catalogue/data-set/d99443e1-1258-4894-b705-5bfb51751a37
St Osmund's Catholic Primary School,149926,3183324,Pupils excluding nursery,2025-05,2024/25,,148,pupils,https://explore-education-statistics.service.gov.uk/data-catalogue/data-set/d99443e1-1258-4894-b705-5bfb51751a37
St Osmund's Catholic Primary School,149926,3183324,Reported capacity excluding nursery,2025-05,2024/25,,262,places,https://explore-education-statistics.service.gov.uk/data-catalogue/data-set/d99443e1-1258-4894-b705-5bfb51751a37
St Osmund's Catholic Primary School,149926,3183324,Pupils by curriculum year,2026-01,2025/26,Reception,30,pupils,https://explore-education-statistics.service.gov.uk/find-statistics/school-pupils-and-their-characteristics/2025-26/explore
St Osmund's Catholic Primary School,149926,3183324,Pupils by curriculum year,2026-01,2025/26,Year 1,30,pupils,https://explore-education-statistics.service.gov.uk/find-statistics/school-pupils-and-their-characteristics/2025-26/explore
St Osmund's Catholic Primary School,149926,3183324,Pupils by curriculum year,2026-01,2025/26,Year 2,26,pupils,https://explore-education-statistics.service.gov.uk/find-statistics/school-pupils-and-their-characteristics/2025-26/explore
St Osmund's Catholic Primary School,149926,3183324,Pupils by curriculum year,2026-01,2025/26,Year 3,22,pupils,https://explore-education-statistics.service.gov.uk/find-statistics/school-pupils-and-their-characteristics/2025-26/explore
St Osmund's Catholic Primary School,149926,3183324,Pupils by curriculum year,2026-01,2025/26,Year 4,19,pupils,https://explore-education-statistics.service.gov.uk/find-statistics/school-pupils-and-their-characteristics/2025-26/explore
St Osmund's Catholic Primary School,149926,3183324,Pupils by curriculum year,2026-01,2025/26,Year 5,17,pupils,https://explore-education-statistics.service.gov.uk/find-statistics/school-pupils-and-their-characteristics/2025-26/explore
St Osmund's Catholic Primary School,149926,3183324,Pupils by curriculum year,2026-01,2025/26,Year 6,23,pupils,https://explore-education-statistics.service.gov.uk/find-statistics/school-pupils-and-their-characteristics/2025-26/explore
St Richard Reynolds Catholic Primary School,149298,3182000,Pupils excluding nursery,2022-05,2021/22,,210,pupils,https://explore-education-statistics.service.gov.uk/data-catalogue/data-set/d99443e1-1258-4894-b705-5bfb51751a37
St Richard Reynolds Catholic Primary School,149298,3182000,Reported capacity excluding nursery,2022-05,2021/22,,210,places,https://explore-education-statistics.service.gov.uk/data-catalogue/data-set/d99443e1-1258-4894-b705-5bfb51751a37
St Richard Reynolds Catholic Primary School,149298,3182000,Pupils excluding nursery,2023-05,2022/23,,212,pupils,https://explore-education-statistics.service.gov.uk/data-catalogue/data-set/d99443e1-1258-4894-b705-5bfb51751a37
St Richard Reynolds Catholic Primary School,149298,3182000,Reported capacity excluding nursery,2023-05,2022/23,,210,places,https://explore-education-statistics.service.gov.uk/data-catalogue/data-set/d99443e1-1258-4894-b705-5bfb51751a37
St Richard Reynolds Catholic Primary School,149298,3182000,Pupils excluding nursery,2024-05,2023/24,,208,pupils,https://explore-education-statistics.service.gov.uk/data-catalogue/data-set/d99443e1-1258-4894-b705-5bfb51751a37
St Richard Reynolds Catholic Primary School,149298,3182000,Reported capacity excluding nursery,2024-05,2023/24,,210,places,https://explore-education-statistics.service.gov.uk/data-catalogue/data-set/d99443e1-1258-4894-b705-5bfb51751a37
St Richard Reynolds Catholic Primary School,149298,3182000,Pupils excluding nursery,2025-05,2024/25,,210,pupils,https://explore-education-statistics.service.gov.uk/data-catalogue/data-set/d99443e1-1258-4894-b705-5bfb51751a37
St Richard Reynolds Catholic Primary School,149298,3182000,Reported capacity excluding nursery,2025-05,2024/25,,210,places,https://explore-education-statistics.service.gov.uk/data-catalogue/data-set/d99443e1-1258-4894-b705-5bfb51751a37
St Richard Reynolds Catholic Primary School,149298,3182000,Pupils by curriculum year,2026-01,2025/26,Reception,30,pupils,https://explore-education-statistics.service.gov.uk/find-statistics/school-pupils-and-their-characteristics/2025-26/explore
St Richard Reynolds Catholic Primary School,149298,3182000,Pupils by curriculum year,2026-01,2025/26,Year 1,30,pupils,https://explore-education-statistics.service.gov.uk/find-statistics/school-pupils-and-their-characteristics/2025-26/explore
St Richard Reynolds Catholic Primary School,149298,3182000,Pupils by curriculum year,2026-01,2025/26,Year 2,30,pupils,https://explore-education-statistics.service.gov.uk/find-statistics/school-pupils-and-their-characteristics/2025-26/explore
St Richard Reynolds Catholic Primary School,149298,3182000,Pupils by curriculum year,2026-01,2025/26,Year 3,30,pupils,https://explore-education-statistics.service.gov.uk/find-statistics/school-pupils-and-their-characteristics/2025-26/explore
St Richard Reynolds Catholic Primary School,149298,3182000,Pupils by curriculum year,2026-01,2025/26,Year 4,30,pupils,https://explore-education-statistics.service.gov.uk/find-statistics/school-pupils-and-their-characteristics/2025-26/explore
St Richard Reynolds Catholic Primary School,149298,3182000,Pupils by curriculum year,2026-01,2025/26,Year 5,30,pupils,https://explore-education-statistics.service.gov.uk/find-statistics/school-pupils-and-their-characteristics/2025-26/explore
St Richard Reynolds Catholic Primary School,149298,3182000,Pupils by curriculum year,2026-01,2025/26,Year 6,30,pupils,https://explore-education-statistics.service.gov.uk/find-statistics/school-pupils-and-their-characteristics/2025-26/explore
St Richard's Church of England Primary School,102907,3183303,Pupils excluding nursery,2022-05,2021/22,,185,pupils,https://explore-education-statistics.service.gov.uk/data-catalogue/data-set/d99443e1-1258-4894-b705-5bfb51751a37
St Richard's Church of England Primary School,102907,3183303,Reported capacity excluding nursery,2022-05,2021/22,,210,places,https://explore-education-statistics.service.gov.uk/data-catalogue/data-set/d99443e1-1258-4894-b705-5bfb51751a37
St Richard's Church of England Primary School,102907,3183303,Pupils excluding nursery,2023-05,2022/23,,179,pupils,https://explore-education-statistics.service.gov.uk/data-catalogue/data-set/d99443e1-1258-4894-b705-5bfb51751a37
St Richard's Church of England Primary School,102907,3183303,Reported capacity excluding nursery,2023-05,2022/23,,210,places,https://explore-education-statistics.service.gov.uk/data-catalogue/data-set/d99443e1-1258-4894-b705-5bfb51751a37
St Richard's Church of England Primary School,102907,3183303,Pupils excluding nursery,2024-05,2023/24,,170,pupils,https://explore-education-statistics.service.gov.uk/data-catalogue/data-set/d99443e1-1258-4894-b705-5bfb51751a37
St Richard's Church of England Primary School,102907,3183303,Reported capacity excluding nursery,2024-05,2023/24,,210,places,https://explore-education-statistics.service.gov.uk/data-catalogue/data-set/d99443e1-1258-4894-b705-5bfb51751a37
St Richard's Church of England Primary School,102907,3183303,Pupils excluding nursery,2025-05,2024/25,,157,pupils,https://explore-education-statistics.service.gov.uk/data-catalogue/data-set/d99443e1-1258-4894-b705-5bfb51751a37
St Richard's Church of England Primary School,102907,3183303,Reported capacity excluding nursery,2025-05,2024/25,,210,places,https://explore-education-statistics.service.gov.uk/data-catalogue/data-set/d99443e1-1258-4894-b705-5bfb51751a37
St Richard's Church of England Primary School,102907,3183303,Pupils by curriculum year,2026-01,2025/26,Reception,11,pupils,https://explore-education-statistics.service.gov.uk/find-statistics/school-pupils-and-their-characteristics/2025-26/explore
St Richard's Church of England Primary School,102907,3183303,Pupils by curriculum year,2026-01,2025/26,Year 1,17,pupils,https://explore-education-statistics.service.gov.uk/find-statistics/school-pupils-and-their-characteristics/2025-26/explore
St Richard's Church of England Primary School,102907,3183303,Pupils by curriculum year,2026-01,2025/26,Year 2,15,pupils,https://explore-education-statistics.service.gov.uk/find-statistics/school-pupils-and-their-characteristics/2025-26/explore
St Richard's Church of England Primary School,102907,3183303,Pupils by curriculum year,2026-01,2025/26,Year 3,20,pupils,https://explore-education-statistics.service.gov.uk/find-statistics/school-pupils-and-their-characteristics/2025-26/explore
St Richard's Church of England Primary School,102907,3183303,Pupils by curriculum year,2026-01,2025/26,Year 4,22,pupils,https://explore-education-statistics.service.gov.uk/find-statistics/school-pupils-and-their-characteristics/2025-26/explore
St Richard's Church of England Primary School,102907,3183303,Pupils by curriculum year,2026-01,2025/26,Year 5,29,pupils,https://explore-education-statistics.service.gov.uk/find-statistics/school-pupils-and-their-characteristics/2025-26/explore
St Richard's Church of England Primary School,102907,3183303,Pupils by curriculum year,2026-01,2025/26,Year 6,30,pupils,https://explore-education-statistics.service.gov.uk/find-statistics/school-pupils-and-their-characteristics/2025-26/explore
St Stephen's C E Primary School,102915,3183319,Pupils excluding nursery,2022-05,2021/22,,416,pupils,https://explore-education-statistics.service.gov.uk/data-catalogue/data-set/d99443e1-1258-4894-b705-5bfb51751a37
St Stephen's C E Primary School,102915,3183319,Reported capacity excluding nursery,2022-05,2021/22,,420,places,https://explore-education-statistics.service.gov.uk/data-catalogue/data-set/d99443e1-1258-4894-b705-5bfb51751a37
St Stephen's C E Primary School,102915,3183319,Pupils excluding nursery,2023-05,2022/23,,413,pupils,https://explore-education-statistics.service.gov.uk/data-catalogue/data-set/d99443e1-1258-4894-b705-5bfb51751a37
St Stephen's C E Primary School,102915,3183319,Reported capacity excluding nursery,2023-05,2022/23,,420,places,https://explore-education-statistics.service.gov.uk/data-catalogue/data-set/d99443e1-1258-4894-b705-5bfb51751a37
St Stephen's C E Primary School,102915,3183319,Pupils excluding nursery,2024-05,2023/24,,419,pupils,https://explore-education-statistics.service.gov.uk/data-catalogue/data-set/d99443e1-1258-4894-b705-5bfb51751a37
St Stephen's C E Primary School,102915,3183319,Reported capacity excluding nursery,2024-05,2023/24,,420,places,https://explore-education-statistics.service.gov.uk/data-catalogue/data-set/d99443e1-1258-4894-b705-5bfb51751a37
St Stephen's C E Primary School,102915,3183319,Pupils excluding nursery,2025-05,2024/25,,417,pupils,https://explore-education-statistics.service.gov.uk/data-catalogue/data-set/d99443e1-1258-4894-b705-5bfb51751a37
St Stephen's C E Primary School,102915,3183319,Reported capacity excluding nursery,2025-05,2024/25,,420,places,https://explore-education-statistics.service.gov.uk/data-catalogue/data-set/d99443e1-1258-4894-b705-5bfb51751a37
St Stephen's C E Primary School,102915,3183319,Pupils by curriculum year,2026-01,2025/26,Reception,60,pupils,https://explore-education-statistics.service.gov.uk/find-statistics/school-pupils-and-their-characteristics/2025-26/explore
St Stephen's C E Primary School,102915,3183319,Pupils by curriculum year,2026-01,2025/26,Year 1,57,pupils,https://explore-education-statistics.service.gov.uk/find-statistics/school-pupils-and-their-characteristics/2025-26/explore
St Stephen's C E Primary School,102915,3183319,Pupils by curriculum year,2026-01,2025/26,Year 2,59,pupils,https://explore-education-statistics.service.gov.uk/find-statistics/school-pupils-and-their-characteristics/2025-26/explore
St Stephen's C E Primary School,102915,3183319,Pupils by curriculum year,2026-01,2025/26,Year 3,61,pupils,https://explore-education-statistics.service.gov.uk/find-statistics/school-pupils-and-their-characteristics/2025-26/explore
St Stephen's C E Primary School,102915,3183319,Pupils by curriculum year,2026-01,2025/26,Year 4,60,pupils,https://explore-education-statistics.service.gov.uk/find-statistics/school-pupils-and-their-characteristics/2025-26/explore
St Stephen's C E Primary School,102915,3183319,Pupils by curriculum year,2026-01,2025/26,Year 5,61,pupils,https://explore-education-statistics.service.gov.uk/find-statistics/school-pupils-and-their-characteristics/2025-26/explore
St Stephen's C E Primary School,102915,3183319,Pupils by curriculum year,2026-01,2025/26,Year 6,59,pupils,https://explore-education-statistics.service.gov.uk/find-statistics/school-pupils-and-their-characteristics/2025-26/explore
Stanley Primary School,102898,3182021,Pupils excluding nursery,2022-05,2021/22,,537,pupils,https://explore-education-statistics.service.gov.uk/data-catalogue/data-set/d99443e1-1258-4894-b705-5bfb51751a37
Stanley Primary School,102898,3182021,Reported capacity excluding nursery,2022-05,2021/22,,840,places,https://explore-education-statistics.service.gov.uk/data-catalogue/data-set/d99443e1-1258-4894-b705-5bfb51751a37
Stanley Primary School,102898,3182021,Pupils excluding nursery,2023-05,2022/23,,486,pupils,https://explore-education-statistics.service.gov.uk/data-catalogue/data-set/d99443e1-1258-4894-b705-5bfb51751a37
Stanley Primary School,102898,3182021,Reported capacity excluding nursery,2023-05,2022/23,,840,places,https://explore-education-statistics.service.gov.uk/data-catalogue/data-set/d99443e1-1258-4894-b705-5bfb51751a37
Stanley Primary School,102898,3182021,Pupils excluding nursery,2024-05,2023/24,,437,pupils,https://explore-education-statistics.service.gov.uk/data-catalogue/data-set/d99443e1-1258-4894-b705-5bfb51751a37
Stanley Primary School,102898,3182021,Reported capacity excluding nursery,2024-05,2023/24,,840,places,https://explore-education-statistics.service.gov.uk/data-catalogue/data-set/d99443e1-1258-4894-b705-5bfb51751a37
Stanley Primary School,102898,3182021,Pupils excluding nursery,2025-05,2024/25,,410,pupils,https://explore-education-statistics.service.gov.uk/data-catalogue/data-set/d99443e1-1258-4894-b705-5bfb51751a37
Stanley Primary School,102898,3182021,Reported capacity excluding nursery,2025-05,2024/25,,840,places,https://explore-education-statistics.service.gov.uk/data-catalogue/data-set/d99443e1-1258-4894-b705-5bfb51751a37
Stanley Primary School,102898,3182021,Pupils by curriculum year,2026-01,2025/26,Reception,43,pupils,https://explore-education-statistics.service.gov.uk/find-statistics/school-pupils-and-their-characteristics/2025-26/explore
Stanley Primary School,102898,3182021,Pupils by curriculum year,2026-01,2025/26,Year 1,45,pupils,https://explore-education-statistics.service.gov.uk/find-statistics/school-pupils-and-their-characteristics/2025-26/explore
Stanley Primary School,102898,3182021,Pupils by curriculum year,2026-01,2025/26,Year 2,35,pupils,https://explore-education-statistics.service.gov.uk/find-statistics/school-pupils-and-their-characteristics/2025-26/explore
Stanley Primary School,102898,3182021,Pupils by curriculum year,2026-01,2025/26,Year 3,45,pupils,https://explore-education-statistics.service.gov.uk/find-statistics/school-pupils-and-their-characteristics/2025-26/explore
Stanley Primary School,102898,3182021,Pupils by curriculum year,2026-01,2025/26,Year 4,64,pupils,https://explore-education-statistics.service.gov.uk/find-statistics/school-pupils-and-their-characteristics/2025-26/explore
Stanley Primary School,102898,3182021,Pupils by curriculum year,2026-01,2025/26,Year 5,69,pupils,https://explore-education-statistics.service.gov.uk/find-statistics/school-pupils-and-their-characteristics/2025-26/explore
Stanley Primary School,102898,3182021,Pupils by curriculum year,2026-01,2025/26,Year 6,58,pupils,https://explore-education-statistics.service.gov.uk/find-statistics/school-pupils-and-their-characteristics/2025-26/explore
The Russell Primary School,102896,3182019,Pupils excluding nursery,2022-05,2021/22,,202,pupils,https://explore-education-statistics.service.gov.uk/data-catalogue/data-set/d99443e1-1258-4894-b705-5bfb51751a37
The Russell Primary School,102896,3182019,Reported capacity excluding nursery,2022-05,2021/22,,240,places,https://explore-education-statistics.service.gov.uk/data-catalogue/data-set/d99443e1-1258-4894-b705-5bfb51751a37
The Russell Primary School,102896,3182019,Pupils excluding nursery,2023-05,2022/23,,207,pupils,https://explore-education-statistics.service.gov.uk/data-catalogue/data-set/d99443e1-1258-4894-b705-5bfb51751a37
The Russell Primary School,102896,3182019,Reported capacity excluding nursery,2023-05,2022/23,,240,places,https://explore-education-statistics.service.gov.uk/data-catalogue/data-set/d99443e1-1258-4894-b705-5bfb51751a37
The Russell Primary School,102896,3182019,Pupils excluding nursery,2024-05,2023/24,,190,pupils,https://explore-education-statistics.service.gov.uk/data-catalogue/data-set/d99443e1-1258-4894-b705-5bfb51751a37
The Russell Primary School,102896,3182019,Reported capacity excluding nursery,2024-05,2023/24,,240,places,https://explore-education-statistics.service.gov.uk/data-catalogue/data-set/d99443e1-1258-4894-b705-5bfb51751a37
The Russell Primary School,102896,3182019,Pupils excluding nursery,2025-05,2024/25,,188,pupils,https://explore-education-statistics.service.gov.uk/data-catalogue/data-set/d99443e1-1258-4894-b705-5bfb51751a37
The Russell Primary School,102896,3182019,Reported capacity excluding nursery,2025-05,2024/25,,240,places,https://explore-education-statistics.service.gov.uk/data-catalogue/data-set/d99443e1-1258-4894-b705-5bfb51751a37
The Russell Primary School,102896,3182019,Pupils by curriculum year,2026-01,2025/26,Reception,18,pupils,https://explore-education-statistics.service.gov.uk/find-statistics/school-pupils-and-their-characteristics/2025-26/explore
The Russell Primary School,102896,3182019,Pupils by curriculum year,2026-01,2025/26,Year 1,27,pupils,https://explore-education-statistics.service.gov.uk/find-statistics/school-pupils-and-their-characteristics/2025-26/explore
The Russell Primary School,102896,3182019,Pupils by curriculum year,2026-01,2025/26,Year 2,27,pupils,https://explore-education-statistics.service.gov.uk/find-statistics/school-pupils-and-their-characteristics/2025-26/explore
The Russell Primary School,102896,3182019,Pupils by curriculum year,2026-01,2025/26,Year 3,29,pupils,https://explore-education-statistics.service.gov.uk/find-statistics/school-pupils-and-their-characteristics/2025-26/explore
The Russell Primary School,102896,3182019,Pupils by curriculum year,2026-01,2025/26,Year 4,25,pupils,https://explore-education-statistics.service.gov.uk/find-statistics/school-pupils-and-their-characteristics/2025-26/explore
The Russell Primary School,102896,3182019,Pupils by curriculum year,2026-01,2025/26,Year 5,29,pupils,https://explore-education-statistics.service.gov.uk/find-statistics/school-pupils-and-their-characteristics/2025-26/explore
The Russell Primary School,102896,3182019,Pupils by curriculum year,2026-01,2025/26,Year 6,30,pupils,https://explore-education-statistics.service.gov.uk/find-statistics/school-pupils-and-their-characteristics/2025-26/explore
The Vineyard School,102906,3182037,Pupils excluding nursery,2022-05,2021/22,,621,pupils,https://explore-education-statistics.service.gov.uk/data-catalogue/data-set/d99443e1-1258-4894-b705-5bfb51751a37
The Vineyard School,102906,3182037,Reported capacity excluding nursery,2022-05,2021/22,,630,places,https://explore-education-statistics.service.gov.uk/data-catalogue/data-set/d99443e1-1258-4894-b705-5bfb51751a37
The Vineyard School,102906,3182037,Pupils excluding nursery,2023-05,2022/23,,612,pupils,https://explore-education-statistics.service.gov.uk/data-catalogue/data-set/d99443e1-1258-4894-b705-5bfb51751a37
The Vineyard School,102906,3182037,Reported capacity excluding nursery,2023-05,2022/23,,630,places,https://explore-education-statistics.service.gov.uk/data-catalogue/data-set/d99443e1-1258-4894-b705-5bfb51751a37
The Vineyard School,102906,3182037,Pupils excluding nursery,2024-05,2023/24,,594,pupils,https://explore-education-statistics.service.gov.uk/data-catalogue/data-set/d99443e1-1258-4894-b705-5bfb51751a37
The Vineyard School,102906,3182037,Reported capacity excluding nursery,2024-05,2023/24,,630,places,https://explore-education-statistics.service.gov.uk/data-catalogue/data-set/d99443e1-1258-4894-b705-5bfb51751a37
The Vineyard School,102906,3182037,Pupils excluding nursery,2025-05,2024/25,,571,pupils,https://explore-education-statistics.service.gov.uk/data-catalogue/data-set/d99443e1-1258-4894-b705-5bfb51751a37
The Vineyard School,102906,3182037,Reported capacity excluding nursery,2025-05,2024/25,,630,places,https://explore-education-statistics.service.gov.uk/data-catalogue/data-set/d99443e1-1258-4894-b705-5bfb51751a37
The Vineyard School,102906,3182037,Pupils by curriculum year,2026-01,2025/26,Reception,57,pupils,https://explore-education-statistics.service.gov.uk/find-statistics/school-pupils-and-their-characteristics/2025-26/explore
The Vineyard School,102906,3182037,Pupils by curriculum year,2026-01,2025/26,Year 1,63,pupils,https://explore-education-statistics.service.gov.uk/find-statistics/school-pupils-and-their-characteristics/2025-26/explore
The Vineyard School,102906,3182037,Pupils by curriculum year,2026-01,2025/26,Year 2,78,pupils,https://explore-education-statistics.service.gov.uk/find-statistics/school-pupils-and-their-characteristics/2025-26/explore
The Vineyard School,102906,3182037,Pupils by curriculum year,2026-01,2025/26,Year 3,71,pupils,https://explore-education-statistics.service.gov.uk/find-statistics/school-pupils-and-their-characteristics/2025-26/explore
The Vineyard School,102906,3182037,Pupils by curriculum year,2026-01,2025/26,Year 4,76,pupils,https://explore-education-statistics.service.gov.uk/find-statistics/school-pupils-and-their-characteristics/2025-26/explore
The Vineyard School,102906,3182037,Pupils by curriculum year,2026-01,2025/26,Year 5,85,pupils,https://explore-education-statistics.service.gov.uk/find-statistics/school-pupils-and-their-characteristics/2025-26/explore
The Vineyard School,102906,3182037,Pupils by curriculum year,2026-01,2025/26,Year 6,86,pupils,https://explore-education-statistics.service.gov.uk/find-statistics/school-pupils-and-their-characteristics/2025-26/explore
Thomson House School,139549,3182005,Pupils excluding nursery,2022-05,2021/22,,365,pupils,https://explore-education-statistics.service.gov.uk/data-catalogue/data-set/d99443e1-1258-4894-b705-5bfb51751a37
Thomson House School,139549,3182005,Reported capacity excluding nursery,2022-05,2021/22,,420,places,https://explore-education-statistics.service.gov.uk/data-catalogue/data-set/d99443e1-1258-4894-b705-5bfb51751a37
Thomson House School,139549,3182005,Pupils excluding nursery,2023-05,2022/23,,375,pupils,https://explore-education-statistics.service.gov.uk/data-catalogue/data-set/d99443e1-1258-4894-b705-5bfb51751a37
Thomson House School,139549,3182005,Reported capacity excluding nursery,2023-05,2022/23,,420,places,https://explore-education-statistics.service.gov.uk/data-catalogue/data-set/d99443e1-1258-4894-b705-5bfb51751a37
Thomson House School,139549,3182005,Pupils excluding nursery,2024-05,2023/24,,369,pupils,https://explore-education-statistics.service.gov.uk/data-catalogue/data-set/d99443e1-1258-4894-b705-5bfb51751a37
Thomson House School,139549,3182005,Reported capacity excluding nursery,2024-05,2023/24,,420,places,https://explore-education-statistics.service.gov.uk/data-catalogue/data-set/d99443e1-1258-4894-b705-5bfb51751a37
Thomson House School,139549,3182005,Pupils excluding nursery,2025-05,2024/25,,364,pupils,https://explore-education-statistics.service.gov.uk/data-catalogue/data-set/d99443e1-1258-4894-b705-5bfb51751a37
Thomson House School,139549,3182005,Reported capacity excluding nursery,2025-05,2024/25,,420,places,https://explore-education-statistics.service.gov.uk/data-catalogue/data-set/d99443e1-1258-4894-b705-5bfb51751a37
Thomson House School,139549,3182005,Pupils by curriculum year,2026-01,2025/26,Reception,60,pupils,https://explore-education-statistics.service.gov.uk/find-statistics/school-pupils-and-their-characteristics/2025-26/explore
Thomson House School,139549,3182005,Pupils by curriculum year,2026-01,2025/26,Year 1,51,pupils,https://explore-education-statistics.service.gov.uk/find-statistics/school-pupils-and-their-characteristics/2025-26/explore
Thomson House School,139549,3182005,Pupils by curriculum year,2026-01,2025/26,Year 2,54,pupils,https://explore-education-statistics.service.gov.uk/find-statistics/school-pupils-and-their-characteristics/2025-26/explore
Thomson House School,139549,3182005,Pupils by curriculum year,2026-01,2025/26,Year 3,51,pupils,https://explore-education-statistics.service.gov.uk/find-statistics/school-pupils-and-their-characteristics/2025-26/explore
Thomson House School,139549,3182005,Pupils by curriculum year,2026-01,2025/26,Year 4,45,pupils,https://explore-education-statistics.service.gov.uk/find-statistics/school-pupils-and-their-characteristics/2025-26/explore
Thomson House School,139549,3182005,Pupils by curriculum year,2026-01,2025/26,Year 5,50,pupils,https://explore-education-statistics.service.gov.uk/find-statistics/school-pupils-and-their-characteristics/2025-26/explore
Thomson House School,139549,3182005,Pupils by curriculum year,2026-01,2025/26,Year 6,55,pupils,https://explore-education-statistics.service.gov.uk/find-statistics/school-pupils-and-their-characteristics/2025-26/explore
Trafalgar Infant School,102901,3182024,Pupils excluding nursery,2022-05,2021/22,,221,pupils,https://explore-education-statistics.service.gov.uk/data-catalogue/data-set/d99443e1-1258-4894-b705-5bfb51751a37
Trafalgar Infant School,102901,3182024,Reported capacity excluding nursery,2022-05,2021/22,,270,places,https://explore-education-statistics.service.gov.uk/data-catalogue/data-set/d99443e1-1258-4894-b705-5bfb51751a37
Trafalgar Infant School,102901,3182024,Pupils excluding nursery,2023-05,2022/23,,188,pupils,https://explore-education-statistics.service.gov.uk/data-catalogue/data-set/d99443e1-1258-4894-b705-5bfb51751a37
Trafalgar Infant School,102901,3182024,Reported capacity excluding nursery,2023-05,2022/23,,270,places,https://explore-education-statistics.service.gov.uk/data-catalogue/data-set/d99443e1-1258-4894-b705-5bfb51751a37
Trafalgar Infant School,102901,3182024,Pupils excluding nursery,2024-05,2023/24,,149,pupils,https://explore-education-statistics.service.gov.uk/data-catalogue/data-set/d99443e1-1258-4894-b705-5bfb51751a37
Trafalgar Infant School,102901,3182024,Reported capacity excluding nursery,2024-05,2023/24,,270,places,https://explore-education-statistics.service.gov.uk/data-catalogue/data-set/d99443e1-1258-4894-b705-5bfb51751a37
Trafalgar Infant School,102901,3182024,Pupils excluding nursery,2025-05,2024/25,,136,pupils,https://explore-education-statistics.service.gov.uk/data-catalogue/data-set/d99443e1-1258-4894-b705-5bfb51751a37
Trafalgar Infant School,102901,3182024,Reported capacity excluding nursery,2025-05,2024/25,,270,places,https://explore-education-statistics.service.gov.uk/data-catalogue/data-set/d99443e1-1258-4894-b705-5bfb51751a37
Trafalgar Infant School,102901,3182024,Pupils by curriculum year,2026-01,2025/26,Reception,42,pupils,https://explore-education-statistics.service.gov.uk/find-statistics/school-pupils-and-their-characteristics/2025-26/explore
Trafalgar Infant School,102901,3182024,Pupils by curriculum year,2026-01,2025/26,Year 1,49,pupils,https://explore-education-statistics.service.gov.uk/find-statistics/school-pupils-and-their-characteristics/2025-26/explore
Trafalgar Infant School,102901,3182024,Pupils by curriculum year,2026-01,2025/26,Year 2,42,pupils,https://explore-education-statistics.service.gov.uk/find-statistics/school-pupils-and-their-characteristics/2025-26/explore
Trafalgar Infant School,102901,3182024,Pupils by curriculum year,2026-01,2025/26,Year 3,0,pupils,https://explore-education-statistics.service.gov.uk/find-statistics/school-pupils-and-their-characteristics/2025-26/explore
Trafalgar Infant School,102901,3182024,Pupils by curriculum year,2026-01,2025/26,Year 4,0,pupils,https://explore-education-statistics.service.gov.uk/find-statistics/school-pupils-and-their-characteristics/2025-26/explore
Trafalgar Infant School,102901,3182024,Pupils by curriculum year,2026-01,2025/26,Year 5,0,pupils,https://explore-education-statistics.service.gov.uk/find-statistics/school-pupils-and-their-characteristics/2025-26/explore
Trafalgar Infant School,102901,3182024,Pupils by curriculum year,2026-01,2025/26,Year 6,0,pupils,https://explore-education-statistics.service.gov.uk/find-statistics/school-pupils-and-their-characteristics/2025-26/explore
Trafalgar Junior School,102900,3182023,Pupils excluding nursery,2022-05,2021/22,,293,pupils,https://explore-education-statistics.service.gov.uk/data-catalogue/data-set/d99443e1-1258-4894-b705-5bfb51751a37
Trafalgar Junior School,102900,3182023,Reported capacity excluding nursery,2022-05,2021/22,,360,places,https://explore-education-statistics.service.gov.uk/data-catalogue/data-set/d99443e1-1258-4894-b705-5bfb51751a37
Trafalgar Junior School,102900,3182023,Pupils excluding nursery,2023-05,2022/23,,293,pupils,https://explore-education-statistics.service.gov.uk/data-catalogue/data-set/d99443e1-1258-4894-b705-5bfb51751a37
Trafalgar Junior School,102900,3182023,Reported capacity excluding nursery,2023-05,2022/23,,360,places,https://explore-education-statistics.service.gov.uk/data-catalogue/data-set/d99443e1-1258-4894-b705-5bfb51751a37
Trafalgar Junior School,102900,3182023,Pupils excluding nursery,2024-05,2023/24,,305,pupils,https://explore-education-statistics.service.gov.uk/data-catalogue/data-set/d99443e1-1258-4894-b705-5bfb51751a37
Trafalgar Junior School,102900,3182023,Reported capacity excluding nursery,2024-05,2023/24,,360,places,https://explore-education-statistics.service.gov.uk/data-catalogue/data-set/d99443e1-1258-4894-b705-5bfb51751a37
Trafalgar Junior School,102900,3182023,Pupils excluding nursery,2025-05,2024/25,,287,pupils,https://explore-education-statistics.service.gov.uk/data-catalogue/data-set/d99443e1-1258-4894-b705-5bfb51751a37
Trafalgar Junior School,102900,3182023,Reported capacity excluding nursery,2025-05,2024/25,,360,places,https://explore-education-statistics.service.gov.uk/data-catalogue/data-set/d99443e1-1258-4894-b705-5bfb51751a37
Trafalgar Junior School,102900,3182023,Pupils by curriculum year,2026-01,2025/26,Reception,0,pupils,https://explore-education-statistics.service.gov.uk/find-statistics/school-pupils-and-their-characteristics/2025-26/explore
Trafalgar Junior School,102900,3182023,Pupils by curriculum year,2026-01,2025/26,Year 1,0,pupils,https://explore-education-statistics.service.gov.uk/find-statistics/school-pupils-and-their-characteristics/2025-26/explore
Trafalgar Junior School,102900,3182023,Pupils by curriculum year,2026-01,2025/26,Year 2,0,pupils,https://explore-education-statistics.service.gov.uk/find-statistics/school-pupils-and-their-characteristics/2025-26/explore
Trafalgar Junior School,102900,3182023,Pupils by curriculum year,2026-01,2025/26,Year 3,43,pupils,https://explore-education-statistics.service.gov.uk/find-statistics/school-pupils-and-their-characteristics/2025-26/explore
Trafalgar Junior School,102900,3182023,Pupils by curriculum year,2026-01,2025/26,Year 4,60,pupils,https://explore-education-statistics.service.gov.uk/find-statistics/school-pupils-and-their-characteristics/2025-26/explore
Trafalgar Junior School,102900,3182023,Pupils by curriculum year,2026-01,2025/26,Year 5,82,pupils,https://explore-education-statistics.service.gov.uk/find-statistics/school-pupils-and-their-characteristics/2025-26/explore
Trafalgar Junior School,102900,3182023,Pupils by curriculum year,2026-01,2025/26,Year 6,89,pupils,https://explore-education-statistics.service.gov.uk/find-statistics/school-pupils-and-their-characteristics/2025-26/explore
Twickenham Primary Academy,142122,3182025,Pupils excluding nursery,2022-05,2021/22,,401,pupils,https://explore-education-statistics.service.gov.uk/data-catalogue/data-set/d99443e1-1258-4894-b705-5bfb51751a37
Twickenham Primary Academy,142122,3182025,Reported capacity excluding nursery,2022-05,2021/22,,420,places,https://explore-education-statistics.service.gov.uk/data-catalogue/data-set/d99443e1-1258-4894-b705-5bfb51751a37
Twickenham Primary Academy,142122,3182025,Pupils excluding nursery,2023-05,2022/23,,401,pupils,https://explore-education-statistics.service.gov.uk/data-catalogue/data-set/d99443e1-1258-4894-b705-5bfb51751a37
Twickenham Primary Academy,142122,3182025,Reported capacity excluding nursery,2023-05,2022/23,,420,places,https://explore-education-statistics.service.gov.uk/data-catalogue/data-set/d99443e1-1258-4894-b705-5bfb51751a37
Twickenham Primary Academy,142122,3182025,Pupils excluding nursery,2024-05,2023/24,,408,pupils,https://explore-education-statistics.service.gov.uk/data-catalogue/data-set/d99443e1-1258-4894-b705-5bfb51751a37
Twickenham Primary Academy,142122,3182025,Reported capacity excluding nursery,2024-05,2023/24,,420,places,https://explore-education-statistics.service.gov.uk/data-catalogue/data-set/d99443e1-1258-4894-b705-5bfb51751a37
Twickenham Primary Academy,142122,3182025,Pupils excluding nursery,2025-05,2024/25,,395,pupils,https://explore-education-statistics.service.gov.uk/data-catalogue/data-set/d99443e1-1258-4894-b705-5bfb51751a37
Twickenham Primary Academy,142122,3182025,Reported capacity excluding nursery,2025-05,2024/25,,420,places,https://explore-education-statistics.service.gov.uk/data-catalogue/data-set/d99443e1-1258-4894-b705-5bfb51751a37
Twickenham Primary Academy,142122,3182025,Pupils by curriculum year,2026-01,2025/26,Reception,41,pupils,https://explore-education-statistics.service.gov.uk/find-statistics/school-pupils-and-their-characteristics/2025-26/explore
Twickenham Primary Academy,142122,3182025,Pupils by curriculum year,2026-01,2025/26,Year 1,48,pupils,https://explore-education-statistics.service.gov.uk/find-statistics/school-pupils-and-their-characteristics/2025-26/explore
Twickenham Primary Academy,142122,3182025,Pupils by curriculum year,2026-01,2025/26,Year 2,58,pupils,https://explore-education-statistics.service.gov.uk/find-statistics/school-pupils-and-their-characteristics/2025-26/explore
Twickenham Primary Academy,142122,3182025,Pupils by curriculum year,2026-01,2025/26,Year 3,55,pupils,https://explore-education-statistics.service.gov.uk/find-statistics/school-pupils-and-their-characteristics/2025-26/explore
Twickenham Primary Academy,142122,3182025,Pupils by curriculum year,2026-01,2025/26,Year 4,58,pupils,https://explore-education-statistics.service.gov.uk/find-statistics/school-pupils-and-their-characteristics/2025-26/explore
Twickenham Primary Academy,142122,3182025,Pupils by curriculum year,2026-01,2025/26,Year 5,60,pupils,https://explore-education-statistics.service.gov.uk/find-statistics/school-pupils-and-their-characteristics/2025-26/explore
Twickenham Primary Academy,142122,3182025,Pupils by curriculum year,2026-01,2025/26,Year 6,60,pupils,https://explore-education-statistics.service.gov.uk/find-statistics/school-pupils-and-their-characteristics/2025-26/explore
